Duplicate_Type,Rows,Count,Details
exact_record,"108, 128, 141, 154",4,السجلات متطابقة في جميع الحقول الأساسية.
exact_record,"109, 118, 131, 144",4,السجلات متطابقة في جميع الحقول الأساسية.
exact_record,"112, 156",2,السجلات متطابقة في جميع الحقول الأساسية.
exact_record,"119, 132, 145",3,السجلات متطابقة في جميع الحقول الأساسية.
exact_record,"121, 134, 147",3,السجلات متطابقة في جميع الحقول الأساسية.
exact_record,"122, 135, 148",3,السجلات متطابقة في جميع الحقول الأساسية.
exact_record,"123, 136, 149",3,السجلات متطابقة في جميع الحقول الأساسية.
exact_record,"124, 137, 150",3,السجلات متطابقة في جميع الحقول الأساسية.
exact_record,"125, 138",2,السجلات متطابقة في جميع الحقول الأساسية.
exact_record,"126, 139, 152",3,السجلات متطابقة في جميع الحقول الأساسية.
exact_record,"129, 142",2,السجلات متطابقة في جميع الحقول الأساسية.
exact_record,"130, 143",2,السجلات متطابقة في جميع الحقول الأساسية.
exact_record,"133, 146",2,السجلات متطابقة في جميع الحقول الأساسية.
exact_record,"140, 153",2,السجلات متطابقة في جميع الحقول الأساسية.
exact_record,"159, 173",2,السجلات متطابقة في جميع الحقول الأساسية.
same_vehicle_and_range,"40, 73",2,نفس الشركة والموديل ونطاق السنوات موجود أكثر من مرة.
same_vehicle_and_range,"88, 107",2,نفس الشركة والموديل ونطاق السنوات موجود أكثر من مرة.
same_vehicle_and_range,"105, 106",2,نفس الشركة والموديل ونطاق السنوات موجود أكثر من مرة.
same_vehicle_and_range,"108, 128, 141, 154",4,نفس الشركة والموديل ونطاق السنوات موجود أكثر من مرة.
same_vehicle_and_range,"109, 118, 131, 144",4,نفس الشركة والموديل ونطاق السنوات موجود أكثر من مرة.
same_vehicle_and_range,"112, 156",2,نفس الشركة والموديل ونطاق السنوات موجود أكثر من مرة.
same_vehicle_and_range,"114, 168",2,نفس الشركة والموديل ونطاق السنوات موجود أكثر من مرة.
same_vehicle_and_range,"116, 129, 142",3,نفس الشركة والموديل ونطاق السنوات موجود أكثر من مرة.
same_vehicle_and_range,"117, 130, 143",3,نفس الشركة والموديل ونطاق السنوات موجود أكثر من مرة.
same_vehicle_and_range,"119, 132, 145",3,نفس الشركة والموديل ونطاق السنوات موجود أكثر من مرة.
same_vehicle_and_range,"121, 134, 147",3,نفس الشركة والموديل ونطاق السنوات موجود أكثر من مرة.
same_vehicle_and_range,"122, 135, 148",3,نفس الشركة والموديل ونطاق السنوات موجود أكثر من مرة.
same_vehicle_and_range,"123, 136, 149",3,نفس الشركة والموديل ونطاق السنوات موجود أكثر من مرة.
same_vehicle_and_range,"124, 137, 150",3,نفس الشركة والموديل ونطاق السنوات موجود أكثر من مرة.
same_vehicle_and_range,"125, 138",2,نفس الشركة والموديل ونطاق السنوات موجود أكثر من مرة.
same_vehicle_and_range,"126, 139, 152",3,نفس الشركة والموديل ونطاق السنوات موجود أكثر من مرة.
same_vehicle_and_range,"127, 140, 153",3,نفس الشركة والموديل ونطاق السنوات موجود أكثر من مرة.
same_vehicle_and_range,"133, 146",2,نفس الشركة والموديل ونطاق السنوات موجود أكثر من مرة.
same_vehicle_and_range,"159, 173",2,نفس الشركة والموديل ونطاق السنوات موجود أكثر من مرة.
