Source_Row,Issue_Type,Field,Value,Details
116,unknown_value,Wiper_Driver_Inch,لا توجد معلومات,القيمة غير معروفة أو تحتاج مراجعة قبل الاعتماد.
116,unknown_value,Wiper_Passenger_Inch,لا توجد معلومات,القيمة غير معروفة أو تحتاج مراجعة قبل الاعتماد.
117,unknown_value,Wiper_Driver_Inch,لا توجد معلومات,القيمة غير معروفة أو تحتاج مراجعة قبل الاعتماد.
117,unknown_value,Wiper_Passenger_Inch,لا توجد معلومات,القيمة غير معروفة أو تحتاج مراجعة قبل الاعتماد.
119,invalid_year,Year_Start,لا توجد معلومات,سنة البداية تحتاج مراجعة يدوية.
119,invalid_year,Year_End,لا توجد معلومات,سنة النهاية تحتاج مراجعة يدوية.
119,unknown_value,Low_Beam_Bulb,لا توجد معلومات,القيمة غير معروفة أو تحتاج مراجعة قبل الاعتماد.
119,unknown_value,High_Beam_Bulb,لا توجد معلومات,القيمة غير معروفة أو تحتاج مراجعة قبل الاعتماد.
119,unknown_value,Fog_Light_Bulb,لا توجد معلومات,القيمة غير معروفة أو تحتاج مراجعة قبل الاعتماد.
119,unknown_value,Wiper_Driver_Inch,لا توجد معلومات,القيمة غير معروفة أو تحتاج مراجعة قبل الاعتماد.
119,unknown_value,Wiper_Passenger_Inch,لا توجد معلومات,القيمة غير معروفة أو تحتاج مراجعة قبل الاعتماد.
119,unknown_value,Screen_Frame_Type_Size,لا توجد معلومات,القيمة غير معروفة أو تحتاج مراجعة قبل الاعتماد.
120,invalid_year,Year_Start,لا توجد معلومات,سنة البداية تحتاج مراجعة يدوية.
120,invalid_year,Year_End,لا توجد معلومات,سنة النهاية تحتاج مراجعة يدوية.
120,unknown_value,Low_Beam_Bulb,لا توجد معلومات,القيمة غير معروفة أو تحتاج مراجعة قبل الاعتماد.
120,unknown_value,High_Beam_Bulb,لا توجد معلومات,القيمة غير معروفة أو تحتاج مراجعة قبل الاعتماد.
120,unknown_value,Fog_Light_Bulb,لا توجد معلومات,القيمة غير معروفة أو تحتاج مراجعة قبل الاعتماد.
120,unknown_value,Wiper_Driver_Inch,لا توجد معلومات,القيمة غير معروفة أو تحتاج مراجعة قبل الاعتماد.
120,unknown_value,Wiper_Passenger_Inch,لا توجد معلومات,القيمة غير معروفة أو تحتاج مراجعة قبل الاعتماد.
120,unknown_value,Screen_Frame_Type_Size,لا توجد معلومات,القيمة غير معروفة أو تحتاج مراجعة قبل الاعتماد.
121,invalid_year,Year_Start,لا توجد معلومات,سنة البداية تحتاج مراجعة يدوية.
121,invalid_year,Year_End,لا توجد معلومات,سنة النهاية تحتاج مراجعة يدوية.
121,unknown_value,Low_Beam_Bulb,لا توجد معلومات,القيمة غير معروفة أو تحتاج مراجعة قبل الاعتماد.
121,unknown_value,High_Beam_Bulb,لا توجد معلومات,القيمة غير معروفة أو تحتاج مراجعة قبل الاعتماد.
121,unknown_value,Fog_Light_Bulb,لا توجد معلومات,القيمة غير معروفة أو تحتاج مراجعة قبل الاعتماد.
121,unknown_value,Wiper_Driver_Inch,لا توجد معلومات,القيمة غير معروفة أو تحتاج مراجعة قبل الاعتماد.
121,unknown_value,Wiper_Passenger_Inch,لا توجد معلومات,القيمة غير معروفة أو تحتاج مراجعة قبل الاعتماد.
121,unknown_value,Screen_Frame_Type_Size,لا توجد معلومات,القيمة غير معروفة أو تحتاج مراجعة قبل الاعتماد.
122,invalid_year,Year_Start,لا توجد معلومات,سنة البداية تحتاج مراجعة يدوية.
122,invalid_year,Year_End,لا توجد معلومات,سنة النهاية تحتاج مراجعة يدوية.
122,unknown_value,Low_Beam_Bulb,لا توجد معلومات,القيمة غير معروفة أو تحتاج مراجعة قبل الاعتماد.
122,unknown_value,High_Beam_Bulb,لا توجد معلومات,القيمة غير معروفة أو تحتاج مراجعة قبل الاعتماد.
122,unknown_value,Fog_Light_Bulb,لا توجد معلومات,القيمة غير معروفة أو تحتاج مراجعة قبل الاعتماد.
122,unknown_value,Wiper_Driver_Inch,لا توجد معلومات,القيمة غير معروفة أو تحتاج مراجعة قبل الاعتماد.
122,unknown_value,Wiper_Passenger_Inch,لا توجد معلومات,القيمة غير معروفة أو تحتاج مراجعة قبل الاعتماد.
122,unknown_value,Screen_Frame_Type_Size,لا توجد معلومات,القيمة غير معروفة أو تحتاج مراجعة قبل الاعتماد.
123,unknown_value,Wiper_Driver_Inch,لا توجد معلومات,القيمة غير معروفة أو تحتاج مراجعة قبل الاعتماد.
123,unknown_value,Wiper_Passenger_Inch,لا توجد معلومات,القيمة غير معروفة أو تحتاج مراجعة قبل الاعتماد.
124,invalid_year,Year_Start,لا توجد معلومات,سنة البداية تحتاج مراجعة يدوية.
124,invalid_year,Year_End,لا توجد معلومات,سنة النهاية تحتاج مراجعة يدوية.
124,unknown_value,Low_Beam_Bulb,لا توجد معلومات,القيمة غير معروفة أو تحتاج مراجعة قبل الاعتماد.
124,unknown_value,High_Beam_Bulb,لا توجد معلومات,القيمة غير معروفة أو تحتاج مراجعة قبل الاعتماد.
124,unknown_value,Fog_Light_Bulb,لا توجد معلومات,القيمة غير معروفة أو تحتاج مراجعة قبل الاعتماد.
124,unknown_value,Wiper_Driver_Inch,لا توجد معلومات,القيمة غير معروفة أو تحتاج مراجعة قبل الاعتماد.
124,unknown_value,Wiper_Passenger_Inch,لا توجد معلومات,القيمة غير معروفة أو تحتاج مراجعة قبل الاعتماد.
124,unknown_value,Screen_Frame_Type_Size,لا توجد معلومات,القيمة غير معروفة أو تحتاج مراجعة قبل الاعتماد.
125,invalid_year,Year_Start,لا توجد معلومات,سنة البداية تحتاج مراجعة يدوية.
125,invalid_year,Year_End,لا توجد معلومات,سنة النهاية تحتاج مراجعة يدوية.
125,unknown_value,Low_Beam_Bulb,لا توجد معلومات,القيمة غير معروفة أو تحتاج مراجعة قبل الاعتماد.
125,unknown_value,High_Beam_Bulb,لا توجد معلومات,القيمة غير معروفة أو تحتاج مراجعة قبل الاعتماد.
125,unknown_value,Fog_Light_Bulb,لا توجد معلومات,القيمة غير معروفة أو تحتاج مراجعة قبل الاعتماد.
125,unknown_value,Wiper_Driver_Inch,لا توجد معلومات,القيمة غير معروفة أو تحتاج مراجعة قبل الاعتماد.
125,unknown_value,Wiper_Passenger_Inch,لا توجد معلومات,القيمة غير معروفة أو تحتاج مراجعة قبل الاعتماد.
125,unknown_value,Screen_Frame_Type_Size,لا توجد معلومات,القيمة غير معروفة أو تحتاج مراجعة قبل الاعتماد.
126,invalid_year,Year_Start,لا توجد معلومات,سنة البداية تحتاج مراجعة يدوية.
126,invalid_year,Year_End,لا توجد معلومات,سنة النهاية تحتاج مراجعة يدوية.
126,unknown_value,Low_Beam_Bulb,لا توجد معلومات,القيمة غير معروفة أو تحتاج مراجعة قبل الاعتماد.
126,unknown_value,High_Beam_Bulb,لا توجد معلومات,القيمة غير معروفة أو تحتاج مراجعة قبل الاعتماد.
126,unknown_value,Fog_Light_Bulb,لا توجد معلومات,القيمة غير معروفة أو تحتاج مراجعة قبل الاعتماد.
126,unknown_value,Wiper_Driver_Inch,لا توجد معلومات,القيمة غير معروفة أو تحتاج مراجعة قبل الاعتماد.
126,unknown_value,Wiper_Passenger_Inch,لا توجد معلومات,القيمة غير معروفة أو تحتاج مراجعة قبل الاعتماد.
126,unknown_value,Screen_Frame_Type_Size,لا توجد معلومات,القيمة غير معروفة أو تحتاج مراجعة قبل الاعتماد.
127,unknown_value,Wiper_Driver_Inch,لا توجد معلومات,القيمة غير معروفة أو تحتاج مراجعة قبل الاعتماد.
127,unknown_value,Wiper_Passenger_Inch,لا توجد معلومات,القيمة غير معروفة أو تحتاج مراجعة قبل الاعتماد.
129,unknown_value,Wiper_Driver_Inch,لا توجد معلومات,القيمة غير معروفة أو تحتاج مراجعة قبل الاعتماد.
129,unknown_value,Wiper_Passenger_Inch,لا توجد معلومات,القيمة غير معروفة أو تحتاج مراجعة قبل الاعتماد.
130,unknown_value,Wiper_Driver_Inch,لا توجد معلومات,القيمة غير معروفة أو تحتاج مراجعة قبل الاعتماد.
130,unknown_value,Wiper_Passenger_Inch,لا توجد معلومات,القيمة غير معروفة أو تحتاج مراجعة قبل الاعتماد.
132,invalid_year,Year_Start,لا توجد معلومات,سنة البداية تحتاج مراجعة يدوية.
132,invalid_year,Year_End,لا توجد معلومات,سنة النهاية تحتاج مراجعة يدوية.
132,unknown_value,Low_Beam_Bulb,لا توجد معلومات,القيمة غير معروفة أو تحتاج مراجعة قبل الاعتماد.
132,unknown_value,High_Beam_Bulb,لا توجد معلومات,القيمة غير معروفة أو تحتاج مراجعة قبل الاعتماد.
132,unknown_value,Fog_Light_Bulb,لا توجد معلومات,القيمة غير معروفة أو تحتاج مراجعة قبل الاعتماد.
132,unknown_value,Wiper_Driver_Inch,لا توجد معلومات,القيمة غير معروفة أو تحتاج مراجعة قبل الاعتماد.
132,unknown_value,Wiper_Passenger_Inch,لا توجد معلومات,القيمة غير معروفة أو تحتاج مراجعة قبل الاعتماد.
132,unknown_value,Screen_Frame_Type_Size,لا توجد معلومات,القيمة غير معروفة أو تحتاج مراجعة قبل الاعتماد.
133,unknown_value,Wiper_Driver_Inch,لا توجد معلومات,القيمة غير معروفة أو تحتاج مراجعة قبل الاعتماد.
133,unknown_value,Wiper_Passenger_Inch,لا توجد معلومات,القيمة غير معروفة أو تحتاج مراجعة قبل الاعتماد.
134,invalid_year,Year_Start,لا توجد معلومات,سنة البداية تحتاج مراجعة يدوية.
134,invalid_year,Year_End,لا توجد معلومات,سنة النهاية تحتاج مراجعة يدوية.
134,unknown_value,Low_Beam_Bulb,لا توجد معلومات,القيمة غير معروفة أو تحتاج مراجعة قبل الاعتماد.
134,unknown_value,High_Beam_Bulb,لا توجد معلومات,القيمة غير معروفة أو تحتاج مراجعة قبل الاعتماد.
134,unknown_value,Fog_Light_Bulb,لا توجد معلومات,القيمة غير معروفة أو تحتاج مراجعة قبل الاعتماد.
134,unknown_value,Wiper_Driver_Inch,لا توجد معلومات,القيمة غير معروفة أو تحتاج مراجعة قبل الاعتماد.
134,unknown_value,Wiper_Passenger_Inch,لا توجد معلومات,القيمة غير معروفة أو تحتاج مراجعة قبل الاعتماد.
134,unknown_value,Screen_Frame_Type_Size,لا توجد معلومات,القيمة غير معروفة أو تحتاج مراجعة قبل الاعتماد.
135,invalid_year,Year_Start,لا توجد معلومات,سنة البداية تحتاج مراجعة يدوية.
135,invalid_year,Year_End,لا توجد معلومات,سنة النهاية تحتاج مراجعة يدوية.
135,unknown_value,Low_Beam_Bulb,لا توجد معلومات,القيمة غير معروفة أو تحتاج مراجعة قبل الاعتماد.
135,unknown_value,High_Beam_Bulb,لا توجد معلومات,القيمة غير معروفة أو تحتاج مراجعة قبل الاعتماد.
135,unknown_value,Fog_Light_Bulb,لا توجد معلومات,القيمة غير معروفة أو تحتاج مراجعة قبل الاعتماد.
135,unknown_value,Wiper_Driver_Inch,لا توجد معلومات,القيمة غير معروفة أو تحتاج مراجعة قبل الاعتماد.
135,unknown_value,Wiper_Passenger_Inch,لا توجد معلومات,القيمة غير معروفة أو تحتاج مراجعة قبل الاعتماد.
135,unknown_value,Screen_Frame_Type_Size,لا توجد معلومات,القيمة غير معروفة أو تحتاج مراجعة قبل الاعتماد.
136,unknown_value,Wiper_Driver_Inch,لا توجد معلومات,القيمة غير معروفة أو تحتاج مراجعة قبل الاعتماد.
136,unknown_value,Wiper_Passenger_Inch,لا توجد معلومات,القيمة غير معروفة أو تحتاج مراجعة قبل الاعتماد.
137,invalid_year,Year_Start,لا توجد معلومات,سنة البداية تحتاج مراجعة يدوية.
137,invalid_year,Year_End,لا توجد معلومات,سنة النهاية تحتاج مراجعة يدوية.
137,unknown_value,Low_Beam_Bulb,لا توجد معلومات,القيمة غير معروفة أو تحتاج مراجعة قبل الاعتماد.
137,unknown_value,High_Beam_Bulb,لا توجد معلومات,القيمة غير معروفة أو تحتاج مراجعة قبل الاعتماد.
137,unknown_value,Fog_Light_Bulb,لا توجد معلومات,القيمة غير معروفة أو تحتاج مراجعة قبل الاعتماد.
137,unknown_value,Wiper_Driver_Inch,لا توجد معلومات,القيمة غير معروفة أو تحتاج مراجعة قبل الاعتماد.
137,unknown_value,Wiper_Passenger_Inch,لا توجد معلومات,القيمة غير معروفة أو تحتاج مراجعة قبل الاعتماد.
137,unknown_value,Screen_Frame_Type_Size,لا توجد معلومات,القيمة غير معروفة أو تحتاج مراجعة قبل الاعتماد.
138,invalid_year,Year_Start,لا توجد معلومات,سنة البداية تحتاج مراجعة يدوية.
138,invalid_year,Year_End,لا توجد معلومات,سنة النهاية تحتاج مراجعة يدوية.
138,unknown_value,Low_Beam_Bulb,لا توجد معلومات,القيمة غير معروفة أو تحتاج مراجعة قبل الاعتماد.
138,unknown_value,High_Beam_Bulb,لا توجد معلومات,القيمة غير معروفة أو تحتاج مراجعة قبل الاعتماد.
138,unknown_value,Fog_Light_Bulb,لا توجد معلومات,القيمة غير معروفة أو تحتاج مراجعة قبل الاعتماد.
138,unknown_value,Wiper_Driver_Inch,لا توجد معلومات,القيمة غير معروفة أو تحتاج مراجعة قبل الاعتماد.
138,unknown_value,Wiper_Passenger_Inch,لا توجد معلومات,القيمة غير معروفة أو تحتاج مراجعة قبل الاعتماد.
138,unknown_value,Screen_Frame_Type_Size,لا توجد معلومات,القيمة غير معروفة أو تحتاج مراجعة قبل الاعتماد.
139,invalid_year,Year_Start,لا توجد معلومات,سنة البداية تحتاج مراجعة يدوية.
139,invalid_year,Year_End,لا توجد معلومات,سنة النهاية تحتاج مراجعة يدوية.
139,unknown_value,Low_Beam_Bulb,لا توجد معلومات,القيمة غير معروفة أو تحتاج مراجعة قبل الاعتماد.
139,unknown_value,High_Beam_Bulb,لا توجد معلومات,القيمة غير معروفة أو تحتاج مراجعة قبل الاعتماد.
139,unknown_value,Fog_Light_Bulb,لا توجد معلومات,القيمة غير معروفة أو تحتاج مراجعة قبل الاعتماد.
139,unknown_value,Wiper_Driver_Inch,لا توجد معلومات,القيمة غير معروفة أو تحتاج مراجعة قبل الاعتماد.
139,unknown_value,Wiper_Passenger_Inch,لا توجد معلومات,القيمة غير معروفة أو تحتاج مراجعة قبل الاعتماد.
139,unknown_value,Screen_Frame_Type_Size,لا توجد معلومات,القيمة غير معروفة أو تحتاج مراجعة قبل الاعتماد.
140,unknown_value,Wiper_Driver_Inch,لا توجد معلومات,القيمة غير معروفة أو تحتاج مراجعة قبل الاعتماد.
140,unknown_value,Wiper_Passenger_Inch,لا توجد معلومات,القيمة غير معروفة أو تحتاج مراجعة قبل الاعتماد.
142,unknown_value,Wiper_Driver_Inch,لا توجد معلومات,القيمة غير معروفة أو تحتاج مراجعة قبل الاعتماد.
142,unknown_value,Wiper_Passenger_Inch,لا توجد معلومات,القيمة غير معروفة أو تحتاج مراجعة قبل الاعتماد.
143,unknown_value,Wiper_Driver_Inch,لا توجد معلومات,القيمة غير معروفة أو تحتاج مراجعة قبل الاعتماد.
143,unknown_value,Wiper_Passenger_Inch,لا توجد معلومات,القيمة غير معروفة أو تحتاج مراجعة قبل الاعتماد.
145,invalid_year,Year_Start,لا توجد معلومات,سنة البداية تحتاج مراجعة يدوية.
145,invalid_year,Year_End,لا توجد معلومات,سنة النهاية تحتاج مراجعة يدوية.
145,unknown_value,Low_Beam_Bulb,لا توجد معلومات,القيمة غير معروفة أو تحتاج مراجعة قبل الاعتماد.
145,unknown_value,High_Beam_Bulb,لا توجد معلومات,القيمة غير معروفة أو تحتاج مراجعة قبل الاعتماد.
145,unknown_value,Fog_Light_Bulb,لا توجد معلومات,القيمة غير معروفة أو تحتاج مراجعة قبل الاعتماد.
145,unknown_value,Wiper_Driver_Inch,لا توجد معلومات,القيمة غير معروفة أو تحتاج مراجعة قبل الاعتماد.
145,unknown_value,Wiper_Passenger_Inch,لا توجد معلومات,القيمة غير معروفة أو تحتاج مراجعة قبل الاعتماد.
145,unknown_value,Screen_Frame_Type_Size,لا توجد معلومات,القيمة غير معروفة أو تحتاج مراجعة قبل الاعتماد.
146,unknown_value,Wiper_Driver_Inch,لا توجد معلومات,القيمة غير معروفة أو تحتاج مراجعة قبل الاعتماد.
146,unknown_value,Wiper_Passenger_Inch,لا توجد معلومات,القيمة غير معروفة أو تحتاج مراجعة قبل الاعتماد.
147,invalid_year,Year_Start,لا توجد معلومات,سنة البداية تحتاج مراجعة يدوية.
147,invalid_year,Year_End,لا توجد معلومات,سنة النهاية تحتاج مراجعة يدوية.
147,unknown_value,Low_Beam_Bulb,لا توجد معلومات,القيمة غير معروفة أو تحتاج مراجعة قبل الاعتماد.
147,unknown_value,High_Beam_Bulb,لا توجد معلومات,القيمة غير معروفة أو تحتاج مراجعة قبل الاعتماد.
147,unknown_value,Fog_Light_Bulb,لا توجد معلومات,القيمة غير معروفة أو تحتاج مراجعة قبل الاعتماد.
147,unknown_value,Wiper_Driver_Inch,لا توجد معلومات,القيمة غير معروفة أو تحتاج مراجعة قبل الاعتماد.
147,unknown_value,Wiper_Passenger_Inch,لا توجد معلومات,القيمة غير معروفة أو تحتاج مراجعة قبل الاعتماد.
147,unknown_value,Screen_Frame_Type_Size,لا توجد معلومات,القيمة غير معروفة أو تحتاج مراجعة قبل الاعتماد.
148,invalid_year,Year_Start,لا توجد معلومات,سنة البداية تحتاج مراجعة يدوية.
148,invalid_year,Year_End,لا توجد معلومات,سنة النهاية تحتاج مراجعة يدوية.
148,unknown_value,Low_Beam_Bulb,لا توجد معلومات,القيمة غير معروفة أو تحتاج مراجعة قبل الاعتماد.
148,unknown_value,High_Beam_Bulb,لا توجد معلومات,القيمة غير معروفة أو تحتاج مراجعة قبل الاعتماد.
148,unknown_value,Fog_Light_Bulb,لا توجد معلومات,القيمة غير معروفة أو تحتاج مراجعة قبل الاعتماد.
148,unknown_value,Wiper_Driver_Inch,لا توجد معلومات,القيمة غير معروفة أو تحتاج مراجعة قبل الاعتماد.
148,unknown_value,Wiper_Passenger_Inch,لا توجد معلومات,القيمة غير معروفة أو تحتاج مراجعة قبل الاعتماد.
148,unknown_value,Screen_Frame_Type_Size,لا توجد معلومات,القيمة غير معروفة أو تحتاج مراجعة قبل الاعتماد.
149,unknown_value,Wiper_Driver_Inch,لا توجد معلومات,القيمة غير معروفة أو تحتاج مراجعة قبل الاعتماد.
149,unknown_value,Wiper_Passenger_Inch,لا توجد معلومات,القيمة غير معروفة أو تحتاج مراجعة قبل الاعتماد.
150,invalid_year,Year_Start,لا توجد معلومات,سنة البداية تحتاج مراجعة يدوية.
150,invalid_year,Year_End,لا توجد معلومات,سنة النهاية تحتاج مراجعة يدوية.
150,unknown_value,Low_Beam_Bulb,لا توجد معلومات,القيمة غير معروفة أو تحتاج مراجعة قبل الاعتماد.
150,unknown_value,High_Beam_Bulb,لا توجد معلومات,القيمة غير معروفة أو تحتاج مراجعة قبل الاعتماد.
150,unknown_value,Fog_Light_Bulb,لا توجد معلومات,القيمة غير معروفة أو تحتاج مراجعة قبل الاعتماد.
150,unknown_value,Wiper_Driver_Inch,لا توجد معلومات,القيمة غير معروفة أو تحتاج مراجعة قبل الاعتماد.
150,unknown_value,Wiper_Passenger_Inch,لا توجد معلومات,القيمة غير معروفة أو تحتاج مراجعة قبل الاعتماد.
150,unknown_value,Screen_Frame_Type_Size,لا توجد معلومات,القيمة غير معروفة أو تحتاج مراجعة قبل الاعتماد.
151,unknown_value,Wiper_Driver_Inch,لا توجد معلومات,القيمة غير معروفة أو تحتاج مراجعة قبل الاعتماد.
151,unknown_value,Wiper_Passenger_Inch,لا توجد معلومات,القيمة غير معروفة أو تحتاج مراجعة قبل الاعتماد.
152,invalid_year,Year_Start,لا توجد معلومات,سنة البداية تحتاج مراجعة يدوية.
152,invalid_year,Year_End,لا توجد معلومات,سنة النهاية تحتاج مراجعة يدوية.
152,unknown_value,Low_Beam_Bulb,لا توجد معلومات,القيمة غير معروفة أو تحتاج مراجعة قبل الاعتماد.
152,unknown_value,High_Beam_Bulb,لا توجد معلومات,القيمة غير معروفة أو تحتاج مراجعة قبل الاعتماد.
152,unknown_value,Fog_Light_Bulb,لا توجد معلومات,القيمة غير معروفة أو تحتاج مراجعة قبل الاعتماد.
152,unknown_value,Wiper_Driver_Inch,لا توجد معلومات,القيمة غير معروفة أو تحتاج مراجعة قبل الاعتماد.
152,unknown_value,Wiper_Passenger_Inch,لا توجد معلومات,القيمة غير معروفة أو تحتاج مراجعة قبل الاعتماد.
152,unknown_value,Screen_Frame_Type_Size,لا توجد معلومات,القيمة غير معروفة أو تحتاج مراجعة قبل الاعتماد.
153,unknown_value,Wiper_Driver_Inch,لا توجد معلومات,القيمة غير معروفة أو تحتاج مراجعة قبل الاعتماد.
153,unknown_value,Wiper_Passenger_Inch,لا توجد معلومات,القيمة غير معروفة أو تحتاج مراجعة قبل الاعتماد.
155,unknown_value,Wiper_Driver_Inch,لا توجد معلومات,القيمة غير معروفة أو تحتاج مراجعة قبل الاعتماد.
155,unknown_value,Wiper_Passenger_Inch,لا توجد معلومات,القيمة غير معروفة أو تحتاج مراجعة قبل الاعتماد.
157,unknown_value,Wiper_Driver_Inch,لا توجد معلومات,القيمة غير معروفة أو تحتاج مراجعة قبل الاعتماد.
157,unknown_value,Wiper_Passenger_Inch,لا توجد معلومات,القيمة غير معروفة أو تحتاج مراجعة قبل الاعتماد.
158,unknown_value,Wiper_Driver_Inch,لا توجد معلومات,القيمة غير معروفة أو تحتاج مراجعة قبل الاعتماد.
158,unknown_value,Wiper_Passenger_Inch,لا توجد معلومات,القيمة غير معروفة أو تحتاج مراجعة قبل الاعتماد.
159,unknown_value,Wiper_Driver_Inch,لا توجد معلومات,القيمة غير معروفة أو تحتاج مراجعة قبل الاعتماد.
159,unknown_value,Wiper_Passenger_Inch,لا توجد معلومات,القيمة غير معروفة أو تحتاج مراجعة قبل الاعتماد.
160,unknown_value,Wiper_Driver_Inch,لا توجد معلومات,القيمة غير معروفة أو تحتاج مراجعة قبل الاعتماد.
160,unknown_value,Wiper_Passenger_Inch,لا توجد معلومات,القيمة غير معروفة أو تحتاج مراجعة قبل الاعتماد.
161,unknown_value,Wiper_Driver_Inch,لا توجد معلومات,القيمة غير معروفة أو تحتاج مراجعة قبل الاعتماد.
161,unknown_value,Wiper_Passenger_Inch,لا توجد معلومات,القيمة غير معروفة أو تحتاج مراجعة قبل الاعتماد.
162,unknown_value,Wiper_Driver_Inch,لا توجد معلومات,القيمة غير معروفة أو تحتاج مراجعة قبل الاعتماد.
162,unknown_value,Wiper_Passenger_Inch,لا توجد معلومات,القيمة غير معروفة أو تحتاج مراجعة قبل الاعتماد.
163,unknown_value,Wiper_Driver_Inch,لا توجد معلومات,القيمة غير معروفة أو تحتاج مراجعة قبل الاعتماد.
163,unknown_value,Wiper_Passenger_Inch,لا توجد معلومات,القيمة غير معروفة أو تحتاج مراجعة قبل الاعتماد.
164,unknown_value,Wiper_Driver_Inch,لا توجد معلومات,القيمة غير معروفة أو تحتاج مراجعة قبل الاعتماد.
164,unknown_value,Wiper_Passenger_Inch,لا توجد معلومات,القيمة غير معروفة أو تحتاج مراجعة قبل الاعتماد.
165,unknown_value,Fog_Light_Bulb,لا توجد معلومات,القيمة غير معروفة أو تحتاج مراجعة قبل الاعتماد.
165,unknown_value,Wiper_Driver_Inch,لا توجد معلومات,القيمة غير معروفة أو تحتاج مراجعة قبل الاعتماد.
165,unknown_value,Wiper_Passenger_Inch,لا توجد معلومات,القيمة غير معروفة أو تحتاج مراجعة قبل الاعتماد.
165,unknown_value,Screen_Frame_Type_Size,لا توجد معلومات,القيمة غير معروفة أو تحتاج مراجعة قبل الاعتماد.
166,unknown_value,Wiper_Driver_Inch,لا توجد معلومات,القيمة غير معروفة أو تحتاج مراجعة قبل الاعتماد.
166,unknown_value,Wiper_Passenger_Inch,لا توجد معلومات,القيمة غير معروفة أو تحتاج مراجعة قبل الاعتماد.
167,unknown_value,Wiper_Driver_Inch,لا توجد معلومات,القيمة غير معروفة أو تحتاج مراجعة قبل الاعتماد.
167,unknown_value,Wiper_Passenger_Inch,لا توجد معلومات,القيمة غير معروفة أو تحتاج مراجعة قبل الاعتماد.
168,unknown_value,Wiper_Driver_Inch,لا توجد معلومات,القيمة غير معروفة أو تحتاج مراجعة قبل الاعتماد.
168,unknown_value,Wiper_Passenger_Inch,لا توجد معلومات,القيمة غير معروفة أو تحتاج مراجعة قبل الاعتماد.
169,unknown_value,Wiper_Driver_Inch,لا توجد معلومات,القيمة غير معروفة أو تحتاج مراجعة قبل الاعتماد.
169,unknown_value,Wiper_Passenger_Inch,لا توجد معلومات,القيمة غير معروفة أو تحتاج مراجعة قبل الاعتماد.
170,unknown_value,Wiper_Driver_Inch,لا توجد معلومات,القيمة غير معروفة أو تحتاج مراجعة قبل الاعتماد.
170,unknown_value,Wiper_Passenger_Inch,لا توجد معلومات,القيمة غير معروفة أو تحتاج مراجعة قبل الاعتماد.
171,unknown_value,Wiper_Driver_Inch,لا توجد معلومات,القيمة غير معروفة أو تحتاج مراجعة قبل الاعتماد.
171,unknown_value,Wiper_Passenger_Inch,لا توجد معلومات,القيمة غير معروفة أو تحتاج مراجعة قبل الاعتماد.
172,unknown_value,Wiper_Driver_Inch,لا توجد معلومات,القيمة غير معروفة أو تحتاج مراجعة قبل الاعتماد.
172,unknown_value,Wiper_Passenger_Inch,لا توجد معلومات,القيمة غير معروفة أو تحتاج مراجعة قبل الاعتماد.
173,unknown_value,Wiper_Driver_Inch,لا توجد معلومات,القيمة غير معروفة أو تحتاج مراجعة قبل الاعتماد.
173,unknown_value,Wiper_Passenger_Inch,لا توجد معلومات,القيمة غير معروفة أو تحتاج مراجعة قبل الاعتماد.
174,unknown_value,Wiper_Driver_Inch,لا توجد معلومات,القيمة غير معروفة أو تحتاج مراجعة قبل الاعتماد.
174,unknown_value,Wiper_Passenger_Inch,لا توجد معلومات,القيمة غير معروفة أو تحتاج مراجعة قبل الاعتماد.
175,unknown_value,Wiper_Driver_Inch,لا توجد معلومات,القيمة غير معروفة أو تحتاج مراجعة قبل الاعتماد.
175,unknown_value,Wiper_Passenger_Inch,لا توجد معلومات,القيمة غير معروفة أو تحتاج مراجعة قبل الاعتماد.
176,unknown_value,Wiper_Driver_Inch,لا توجد معلومات,القيمة غير معروفة أو تحتاج مراجعة قبل الاعتماد.
176,unknown_value,Wiper_Passenger_Inch,لا توجد معلومات,القيمة غير معروفة أو تحتاج مراجعة قبل الاعتماد.
2,overlapping_year_range,Year_Start / Year_End,2015-2018,يتداخل مع الصف 69 (2014-2019) لنفس السيارة.
3,overlapping_year_range,Year_Start / Year_End,2019-2026,يتداخل مع الصف 69 (2014-2019) لنفس السيارة.
70,overlapping_year_range,Year_Start / Year_End,2015-2021,يتداخل مع الصف 4 (2015-2017) لنفس السيارة.
5,overlapping_year_range,Year_Start / Year_End,2018-2026,يتداخل مع الصف 70 (2015-2021) لنفس السيارة.
71,overlapping_year_range,Year_Start / Year_End,2016-2022,يتداخل مع الصف 6 (2015-2018) لنفس السيارة.
7,overlapping_year_range,Year_Start / Year_End,2019-2026,يتداخل مع الصف 71 (2016-2022) لنفس السيارة.
82,overlapping_year_range,Year_Start / Year_End,2015-2020,يتداخل مع الصف 13 (2015-2016) لنفس السيارة.
14,overlapping_year_range,Year_Start / Year_End,2017-2020,يتداخل مع الصف 82 (2015-2020) لنفس السيارة.
84,overlapping_year_range,Year_Start / Year_End,2015-2020,يتداخل مع الصف 18 (2015-2018) لنفس السيارة.
19,overlapping_year_range,Year_Start / Year_End,2019-2026,يتداخل مع الصف 84 (2015-2020) لنفس السيارة.
83,overlapping_year_range,Year_Start / Year_End,2015-2019,يتداخل مع الصف 20 (2015-2017) لنفس السيارة.
21,overlapping_year_range,Year_Start / Year_End,2018-2026,يتداخل مع الصف 83 (2015-2019) لنفس السيارة.
79,overlapping_year_range,Year_Start / Year_End,2016-2021,يتداخل مع الصف 24 (2015-2016) لنفس السيارة.
25,overlapping_year_range,Year_Start / Year_End,2017-2022,يتداخل مع الصف 79 (2016-2021) لنفس السيارة.
80,overlapping_year_range,Year_Start / Year_End,2015-2019,يتداخل مع الصف 29 (2015-2017) لنفس السيارة.
30,overlapping_year_range,Year_Start / Year_End,2018-2023,يتداخل مع الصف 80 (2015-2019) لنفس السيارة.
32,overlapping_year_range,Year_Start / Year_End,2015-2019,يتداخل مع الصف 76 (2013-2019) لنفس السيارة.
34,overlapping_year_range,Year_Start / Year_End,2015-2018,يتداخل مع الصف 77 (2013-2018) لنفس السيارة.
73,overlapping_year_range,Year_Start / Year_End,2016-2021,يتداخل مع الصف 40 (2016-2021) لنفس السيارة.
74,overlapping_year_range,Year_Start / Year_End,2015-2022,يتداخل مع الصف 42 (2015-2017) لنفس السيارة.
43,overlapping_year_range,Year_Start / Year_End,2018-2026,يتداخل مع الصف 74 (2015-2022) لنفس السيارة.
75,overlapping_year_range,Year_Start / Year_End,2015-2022,يتداخل مع الصف 44 (2015-2016) لنفس السيارة.
45,overlapping_year_range,Year_Start / Year_End,2017-2022,يتداخل مع الصف 75 (2015-2022) لنفس السيارة.
49,overlapping_year_range,Year_Start / Year_End,2015-2016,يتداخل مع الصف 87 (2013-2018) لنفس السيارة.
50,overlapping_year_range,Year_Start / Year_End,2017-2026,يتداخل مع الصف 87 (2013-2018) لنفس السيارة.
89,overlapping_year_range,Year_Start / Year_End,2016-2021,يتداخل مع الصف 54 (2015-2016) لنفس السيارة.
55,overlapping_year_range,Year_Start / Year_End,2016-2026,يتداخل مع الصف 54 (2015-2016) لنفس السيارة.
55,overlapping_year_range,Year_Start / Year_End,2016-2026,يتداخل مع الصف 89 (2016-2021) لنفس السيارة.
90,overlapping_year_range,Year_Start / Year_End,2016-2021,يتداخل مع الصف 56 (2015-2017) لنفس السيارة.
57,overlapping_year_range,Year_Start / Year_End,2018-2026,يتداخل مع الصف 90 (2016-2021) لنفس السيارة.
61,overlapping_year_range,Year_Start / Year_End,2015-2018,يتداخل مع الصف 65 (2012-2018) لنفس السيارة.
107,overlapping_year_range,Year_Start / Year_End,2020-2023,يتداخل مع الصف 88 (2020-2023) لنفس السيارة.
63,overlapping_year_range,Year_Start / Year_End,2020-2026,يتداخل مع الصف 88 (2020-2023) لنفس السيارة.
63,overlapping_year_range,Year_Start / Year_End,2020-2026,يتداخل مع الصف 107 (2020-2023) لنفس السيارة.
106,overlapping_year_range,Year_Start / Year_End,2016-2021,يتداخل مع الصف 105 (2016-2021) لنفس السيارة.
128,overlapping_year_range,Year_Start / Year_End,2023-2026,يتداخل مع الصف 108 (2023-2026) لنفس السيارة.
141,overlapping_year_range,Year_Start / Year_End,2023-2026,يتداخل مع الصف 108 (2023-2026) لنفس السيارة.
154,overlapping_year_range,Year_Start / Year_End,2023-2026,يتداخل مع الصف 108 (2023-2026) لنفس السيارة.
141,overlapping_year_range,Year_Start / Year_End,2023-2026,يتداخل مع الصف 128 (2023-2026) لنفس السيارة.
154,overlapping_year_range,Year_Start / Year_End,2023-2026,يتداخل مع الصف 128 (2023-2026) لنفس السيارة.
154,overlapping_year_range,Year_Start / Year_End,2023-2026,يتداخل مع الصف 141 (2023-2026) لنفس السيارة.
118,overlapping_year_range,Year_Start / Year_End,2023-2026,يتداخل مع الصف 109 (2023-2026) لنفس السيارة.
131,overlapping_year_range,Year_Start / Year_End,2023-2026,يتداخل مع الصف 109 (2023-2026) لنفس السيارة.
144,overlapping_year_range,Year_Start / Year_End,2023-2026,يتداخل مع الصف 109 (2023-2026) لنفس السيارة.
131,overlapping_year_range,Year_Start / Year_End,2023-2026,يتداخل مع الصف 118 (2023-2026) لنفس السيارة.
144,overlapping_year_range,Year_Start / Year_End,2023-2026,يتداخل مع الصف 118 (2023-2026) لنفس السيارة.
144,overlapping_year_range,Year_Start / Year_End,2023-2026,يتداخل مع الصف 131 (2023-2026) لنفس السيارة.
156,overlapping_year_range,Year_Start / Year_End,2021-2026,يتداخل مع الصف 112 (2021-2026) لنفس السيارة.
168,overlapping_year_range,Year_Start / Year_End,2020-2026,يتداخل مع الصف 114 (2020-2026) لنفس السيارة.
129,overlapping_year_range,Year_Start / Year_End,2023-2026,يتداخل مع الصف 116 (2023-2026) لنفس السيارة.
142,overlapping_year_range,Year_Start / Year_End,2023-2026,يتداخل مع الصف 116 (2023-2026) لنفس السيارة.
142,overlapping_year_range,Year_Start / Year_End,2023-2026,يتداخل مع الصف 129 (2023-2026) لنفس السيارة.
130,overlapping_year_range,Year_Start / Year_End,2024-2026,يتداخل مع الصف 117 (2024-2026) لنفس السيارة.
143,overlapping_year_range,Year_Start / Year_End,2024-2026,يتداخل مع الصف 117 (2024-2026) لنفس السيارة.
143,overlapping_year_range,Year_Start / Year_End,2024-2026,يتداخل مع الصف 130 (2024-2026) لنفس السيارة.
136,overlapping_year_range,Year_Start / Year_End,2024-2024,يتداخل مع الصف 123 (2024-2024) لنفس السيارة.
149,overlapping_year_range,Year_Start / Year_End,2024-2024,يتداخل مع الصف 123 (2024-2024) لنفس السيارة.
149,overlapping_year_range,Year_Start / Year_End,2024-2024,يتداخل مع الصف 136 (2024-2024) لنفس السيارة.
140,overlapping_year_range,Year_Start / Year_End,2020-2026,يتداخل مع الصف 127 (2020-2026) لنفس السيارة.
153,overlapping_year_range,Year_Start / Year_End,2020-2026,يتداخل مع الصف 127 (2020-2026) لنفس السيارة.
153,overlapping_year_range,Year_Start / Year_End,2020-2026,يتداخل مع الصف 140 (2020-2026) لنفس السيارة.
146,overlapping_year_range,Year_Start / Year_End,2021-2026,يتداخل مع الصف 133 (2021-2026) لنفس السيارة.
173,overlapping_year_range,Year_Start / Year_End,2022-2026,يتداخل مع الصف 159 (2022-2026) لنفس السيارة.
