Source_Row,Migration_Status,Data_Quality,Has_Overlap,Review_Reasons,Warnings,Make,Model,Year_Start,Year_End,Low_Beam_Bulb,High_Beam_Bulb,Fog_Light_Bulb,Wiper_Driver_Inch,Wiper_Passenger_Inch,Screen_Frame_Type_Size,Arabic_Keywords,Arabic_Make
2,ready,complete,yes,,نطاق السنوات يتداخل مع الصف 69 (2014-2019). | حقول غير منطبقة (N/A): Fog_Light_Bulb.,Toyota,Corolla,2015,2018,9012,9012,N/A,26,16,Double DIN / 9-inch to 10-inch Android frame,كورولا,تويوتا
3,ready,complete,yes,,نطاق السنوات يتداخل مع الصف 69 (2014-2019). | حقول غير منطبقة (N/A): Fog_Light_Bulb. | بيانات الإضاءة تعتمد على الفئة/Trim ويجب فصلها عن كود اللمبة.,Toyota,Corolla,2019,2026,LED/OEM varies by trim,LED/OEM varies by trim,N/A,28,14,8-inch / 9-inch / 10-inch Android frame,كورولا,تويوتا
4,ready,complete,yes,,نطاق السنوات يتداخل مع الصف 70 (2015-2021).,Toyota,Camry,2015,2017,9005,9005,9006,26,18,Double DIN / 9-inch to 10-inch Android frame,كامري,تويوتا
5,ready,complete,yes,,نطاق السنوات يتداخل مع الصف 70 (2015-2021). | حقول غير منطبقة (N/A): Fog_Light_Bulb. | بيانات الإضاءة تعتمد على الفئة/Trim ويجب فصلها عن كود اللمبة.,Toyota,Camry,2018,2026,LED/OEM varies by trim,LED/OEM varies by trim,N/A,26,18,8-inch / 9-inch / 10-inch Android frame,كامري,تويوتا
6,ready,complete,yes,,نطاق السنوات يتداخل مع الصف 71 (2016-2022).,Toyota,RAV4,2015,2018,9005,9005,9006,26,16,Double DIN / 9-inch to 10-inch Android frame,راف 4,تويوتا
7,ready,complete,yes,,نطاق السنوات يتداخل مع الصف 71 (2016-2022). | حقول غير منطبقة (N/A): Fog_Light_Bulb. | بيانات الإضاءة تعتمد على الفئة/Trim ويجب فصلها عن كود اللمبة.,Toyota,RAV4,2019,2026,LED/OEM varies by trim,LED/OEM varies by trim,N/A,26,16,7-inch / 8-inch / 9-inch / 10-inch Android frame,راف 4,تويوتا
8,ready,complete,no,,حقول غير منطبقة (N/A): Fog_Light_Bulb. | بيانات الإضاءة تعتمد على الفئة/Trim ويجب فصلها عن كود اللمبة.,Toyota,Prado,2015,2026,LED/OEM varies by trim,LED/OEM varies by trim,N/A,24,24,8-inch / 9-inch / 10-inch Android frame,برادو,تويوتا
9,ready,complete,no,,يوجد كود لمبة بصيغة Alias ويحتاج توحيداً منظماً لاحقاً.,Toyota,Fortuner,2015,2026,HB3/9005,HB3/9005,H11,26,16,Double DIN / 9-inch Android frame,فورتشنر,تويوتا
10,ready,complete,no,,يوجد كود لمبة بصيغة Alias ويحتاج توحيداً منظماً لاحقاً.,Toyota,Yaris,2015,2020,HIR2/9012,HIR2/9012,H11,26,14,Double DIN / 9-inch Android frame,يارس,تويوتا
11,ready,complete,no,,حقول غير منطبقة (N/A): Fog_Light_Bulb. | بيانات الإضاءة تعتمد على الفئة/Trim ويجب فصلها عن كود اللمبة.,Toyota,Yaris,2021,2026,LED/OEM varies by trim,LED/OEM varies by trim,N/A,26,14,8-inch / 9-inch Android frame,يارس,تويوتا
12,ready,complete,no,,حقول غير منطبقة (N/A): Fog_Light_Bulb. | بيانات الإضاءة تعتمد على الفئة/Trim ويجب فصلها عن كود اللمبة.,Toyota,Corolla Cross,2022,2026,LED/OEM varies by trim,LED/OEM varies by trim,N/A,26,16,9-inch / 10-inch Android frame,كورولا كروس,تويوتا
13,ready,complete,yes,,نطاق السنوات يتداخل مع الصف 82 (2015-2020).,Hyundai,Elantra,2015,2016,H11,H1,H8/ H11,28,14,Double DIN / 9-inch Android frame,إلنترا,هيونداي
14,ready,complete,yes,,نطاق السنوات يتداخل مع الصف 82 (2015-2020). | حقول غير منطبقة (N/A): Fog_Light_Bulb. | بيانات الإضاءة تعتمد على الفئة/Trim ويجب فصلها عن كود اللمبة.,Hyundai,Elantra,2017,2020,LED/OEM varies by trim,LED/OEM varies by trim,N/A,28,14,8-inch / 10-inch Android frame,إلنترا,هيونداي
15,ready,complete,no,,حقول غير منطبقة (N/A): Fog_Light_Bulb. | بيانات الإضاءة تعتمد على الفئة/Trim ويجب فصلها عن كود اللمبة.,Hyundai,Elantra,2021,2026,LED/OEM varies by trim,LED/OEM varies by trim,N/A,26,16,10.25-inch / 12.3-inch OEM-compatible frame,إلنترا,هيونداي
16,ready,complete,no,,,Hyundai,Accent,2015,2017,H11,H1,H11,26,14,Double DIN / 9-inch Android frame,أكسنت,هيونداي
17,ready,complete,no,,حقول غير منطبقة (N/A): Fog_Light_Bulb. | بيانات الإضاءة تعتمد على الفئة/Trim ويجب فصلها عن كود اللمبة.,Hyundai,Accent,2018,2026,LED/OEM varies by trim,LED/OEM varies by trim,N/A,26,14,8-inch / 9-inch Android frame,أكسنت,هيونداي
18,ready,complete,yes,,نطاق السنوات يتداخل مع الصف 84 (2015-2020).,Hyundai,Tucson,2015,2018,H11,H1,H8,26,16,8-inch / 9-inch Android frame,توسان,هيونداي
19,ready,complete,yes,,نطاق السنوات يتداخل مع الصف 84 (2015-2020). | حقول غير منطبقة (N/A): Fog_Light_Bulb. | بيانات الإضاءة تعتمد على الفئة/Trim ويجب فصلها عن كود اللمبة.,Hyundai,Tucson,2019,2026,LED/OEM varies by trim,LED/OEM varies by trim,N/A,26,16,10.25-inch OEM-compatible frame,توسان,هيونداي
20,ready,complete,yes,,نطاق السنوات يتداخل مع الصف 83 (2015-2019).,Hyundai,Sonata,2015,2017,H11,H1,H8,26,19,8-inch / 9-inch Android frame,سوناتا,هيونداي
21,ready,complete,yes,,نطاق السنوات يتداخل مع الصف 83 (2015-2019). | حقول غير منطبقة (N/A): Fog_Light_Bulb. | بيانات الإضاءة تعتمد على الفئة/Trim ويجب فصلها عن كود اللمبة.,Hyundai,Sonata,2018,2026,LED/OEM varies by trim,LED/OEM varies by trim,N/A,26,19,10.25-inch / 12.3-inch OEM-compatible frame,سوناتا,هيونداي
22,ready,complete,no,,,Hyundai,Creta,2015,2020,H11,H1,H8,26,16,7-inch / 9-inch Android frame,كريتا,هيونداي
23,ready,complete,no,,حقول غير منطبقة (N/A): Fog_Light_Bulb. | بيانات الإضاءة تعتمد على الفئة/Trim ويجب فصلها عن كود اللمبة.,Hyundai,Creta,2021,2026,LED/OEM varies by trim,LED/OEM varies by trim,N/A,26,16,10.25-inch OEM-compatible frame,كريتا,هيونداي
24,ready,complete,yes,,نطاق السنوات يتداخل مع الصف 79 (2016-2021).,Kia,Sportage,2015,2016,H7,H1,H11,24,18,7-inch / 8-inch Android frame,سبورتاج,كيا
25,ready,complete,yes,,نطاق السنوات يتداخل مع الصف 79 (2016-2021). | حقول غير منطبقة (N/A): Fog_Light_Bulb. | بيانات الإضاءة تعتمد على الفئة/Trim ويجب فصلها عن كود اللمبة.,Kia,Sportage,2017,2022,LED/OEM varies by trim,LED/OEM varies by trim,N/A,26,16,8-inch / 10.25-inch OEM-compatible frame,سبورتاج,كيا
26,ready,complete,no,,حقول غير منطبقة (N/A): Fog_Light_Bulb. | بيانات الإضاءة تعتمد على الفئة/Trim ويجب فصلها عن كود اللمبة.,Kia,Sportage,2023,2026,LED/OEM varies by trim,LED/OEM varies by trim,N/A,26,16,12.3-inch OEM-compatible frame,سبورتاج,كيا
27,ready,complete,no,,,Kia,Cerato,2015,2018,H7,H1,H11,26,14,8-inch / 9-inch Android frame,سيراتو,كيا
28,ready,complete,no,,حقول غير منطبقة (N/A): Fog_Light_Bulb. | بيانات الإضاءة تعتمد على الفئة/Trim ويجب فصلها عن كود اللمبة.,Kia,Cerato,2019,2026,LED/OEM varies by trim,LED/OEM varies by trim,N/A,26,14,10.25-inch OEM-compatible frame,سيراتو,كيا
29,ready,complete,yes,,نطاق السنوات يتداخل مع الصف 80 (2015-2019).,Kia,Rio,2015,2017,H4,H4,H11,26,14,Double DIN / 9-inch Android frame,ريو,كيا
30,ready,complete,yes,,نطاق السنوات يتداخل مع الصف 80 (2015-2019).,Kia,Rio,2018,2023,H11,H1,H8,26,14,8-inch / 9-inch Android frame,ريو,كيا
31,ready,complete,no,,حقول غير منطبقة (N/A): Fog_Light_Bulb. | بيانات الإضاءة تعتمد على الفئة/Trim ويجب فصلها عن كود اللمبة.,Kia,Seltos,2020,2026,LED/OEM varies by trim,LED/OEM varies by trim,N/A,26,16,8-inch / 10.25-inch OEM-compatible frame,سيلتوس,كيا
32,ready,complete,yes,,نطاق السنوات يتداخل مع الصف 76 (2013-2019).,Nissan,Sentra,2015,2019,H11,H11,H11,28,15,Double DIN / 9-inch Android frame,سنترا,نيسان
33,ready,complete,no,,حقول غير منطبقة (N/A): Fog_Light_Bulb. | بيانات الإضاءة تعتمد على الفئة/Trim ويجب فصلها عن كود اللمبة.,Nissan,Sentra,2020,2026,LED/OEM varies by trim,LED/OEM varies by trim,N/A,26,16,8-inch / 9-inch Android frame,سنترا,نيسان
34,ready,complete,yes,,نطاق السنوات يتداخل مع الصف 77 (2013-2018).,Nissan,Altima,2015,2018,H11,H11,H11,26,17,8-inch / 9-inch Android frame,ألتيما,نيسان
35,ready,complete,no,,حقول غير منطبقة (N/A): Fog_Light_Bulb. | بيانات الإضاءة تعتمد على الفئة/Trim ويجب فصلها عن كود اللمبة.,Nissan,Altima,2019,2026,LED/OEM varies by trim,LED/OEM varies by trim,N/A,28,17,12.3-inch OEM-compatible frame,ألتيما,نيسان
36,ready,complete,no,,,Nissan,Sunny,2015,2026,H4,H4,H11,26,14,Double DIN / 9-inch Android frame,صني,نيسان
37,ready,complete,no,,,Nissan,X-Trail,2015,2022,H11,H11,H11,26,16,7-inch / 9-inch Android frame,إكس تريل,نيسان
38,ready,complete,no,,حقول غير منطبقة (N/A): Fog_Light_Bulb. | بيانات الإضاءة تعتمد على الفئة/Trim ويجب فصلها عن كود اللمبة.,Nissan,X-Trail,2023,2026,LED/OEM varies by trim,LED/OEM varies by trim,N/A,26,16,12.3-inch OEM-compatible frame,إكس تريل,نيسان
39,ready,complete,no,,,Honda,Civic,2015,2015,H11,H11,H11,26,18,7-inch / 9-inch Android frame,سيفيك,هوندا
40,conflict,conflicting,no,نفس السيارة ونفس نطاق السنوات موجود ببيانات مختلفة في الصفوف: 73.,حقول غير منطبقة (N/A): Fog_Light_Bulb. | بيانات الإضاءة تعتمد على الفئة/Trim ويجب فصلها عن كود اللمبة.,Honda,Civic,2016,2021,LED/OEM varies by trim,LED/OEM varies by trim,N/A,26,18,7-inch / 9-inch / 10-inch Android frame,سيفيك,هوندا
41,ready,complete,no,,حقول غير منطبقة (N/A): Fog_Light_Bulb. | بيانات الإضاءة تعتمد على الفئة/Trim ويجب فصلها عن كود اللمبة.,Honda,Civic,2022,2026,LED/OEM varies by trim,LED/OEM varies by trim,N/A,26,18,9-inch / 10.2-inch OEM-compatible frame,سيفيك,هوندا
42,ready,complete,yes,,نطاق السنوات يتداخل مع الصف 74 (2015-2022).,Honda,Accord,2015,2017,H11,H11,H11,26,19,8-inch / 9-inch Android frame,أكورد,هوندا
43,ready,complete,yes,,نطاق السنوات يتداخل مع الصف 74 (2015-2022). | حقول غير منطبقة (N/A): Fog_Light_Bulb. | بيانات الإضاءة تعتمد على الفئة/Trim ويجب فصلها عن كود اللمبة.,Honda,Accord,2018,2026,LED/OEM varies by trim,LED/OEM varies by trim,N/A,26,19,8-inch / 9-inch / 12.3-inch OEM-compatible frame,أكورد,هوندا
44,ready,complete,yes,,نطاق السنوات يتداخل مع الصف 75 (2015-2022).,Honda,CR-V,2015,2016,H11,H11,H11,26,16,7-inch / 9-inch Android frame,سي آر-في,هوندا
45,ready,complete,yes,,نطاق السنوات يتداخل مع الصف 75 (2015-2022). | حقول غير منطبقة (N/A): Fog_Light_Bulb. | بيانات الإضاءة تعتمد على الفئة/Trim ويجب فصلها عن كود اللمبة.,Honda,CR-V,2017,2022,LED/OEM varies by trim,LED/OEM varies by trim,N/A,26,16,7-inch / 9-inch / 9-inch OEM-compatible frame,سي آر-في,هوندا
46,ready,complete,no,,حقول غير منطبقة (N/A): Fog_Light_Bulb. | بيانات الإضاءة تعتمد على الفئة/Trim ويجب فصلها عن كود اللمبة.,Honda,CR-V,2023,2026,LED/OEM varies by trim,LED/OEM varies by trim,N/A,26,16,9-inch / 10.2-inch OEM-compatible frame,سي آر-في,هوندا
47,ready,complete,no,,,Mazda,Mazda3,2015,2018,H11,H1,H11,26,17,7-inch / 8-inch Android frame,مازدا 3,مازدا
48,ready,complete,no,,حقول غير منطبقة (N/A): Fog_Light_Bulb. | بيانات الإضاءة تعتمد على الفئة/Trim ويجب فصلها عن كود اللمبة.,Mazda,Mazda3,2019,2026,LED/OEM varies by trim,LED/OEM varies by trim,N/A,26,17,8.8-inch / 10.25-inch OEM-compatible frame,مازدا 3,مازدا
49,ready,complete,yes,,نطاق السنوات يتداخل مع الصف 87 (2013-2018).,Mazda,CX-5,2015,2016,H11,H1,H11,24,18,7-inch / 8-inch Android frame,سي إكس-5,مازدا
50,ready,complete,yes,,نطاق السنوات يتداخل مع الصف 87 (2013-2018). | حقول غير منطبقة (N/A): Fog_Light_Bulb. | بيانات الإضاءة تعتمد على الفئة/Trim ويجب فصلها عن كود اللمبة.,Mazda,CX-5,2017,2026,LED/OEM varies by trim,LED/OEM varies by trim,N/A,24,18,10.25-inch OEM-compatible frame,سي إكس-5,مازدا
51,ready,complete,no,,,Mazda,CX-3,2015,2021,H11,H1,H11,26,14,7-inch / 8-inch Android frame,سي إكس-3,مازدا
52,ready,complete,no,,حقول غير منطبقة (N/A): Fog_Light_Bulb. | بيانات الإضاءة تعتمد على الفئة/Trim ويجب فصلها عن كود اللمبة.,Mazda,CX-30,2020,2026,LED/OEM varies by trim,LED/OEM varies by trim,N/A,26,17,8.8-inch / 10.25-inch OEM-compatible frame,سي إكس-30,مازدا
53,ready,complete,no,,,Chevrolet,Cruze,2015,2019,H13,H13,H11,26,17,7-inch / 8-inch Android frame,كروز,شيفروليه
54,ready,complete,yes,,نطاق السنوات يتداخل مع الصف 55 (2016-2026). | نطاق السنوات يتداخل مع الصف 89 (2016-2021).,Chevrolet,Malibu,2015,2016,H11,H11,H11,26,17,8-inch / 9-inch Android frame,ماليبو,شيفروليه
55,ready,complete,yes,,نطاق السنوات يتداخل مع الصف 54 (2015-2016). | نطاق السنوات يتداخل مع الصف 89 (2016-2021). | حقول غير منطبقة (N/A): Fog_Light_Bulb. | بيانات الإضاءة تعتمد على الفئة/Trim ويجب فصلها عن كود اللمبة.,Chevrolet,Malibu,2016,2026,LED/OEM varies by trim,LED/OEM varies by trim,N/A,26,17,8-inch / 9-inch / 8-inch OEM-compatible frame,ماليبو,شيفروليه
56,ready,complete,yes,,نطاق السنوات يتداخل مع الصف 90 (2016-2021).,Chevrolet,Equinox,2015,2017,H11,H11,H11,24,17,7-inch / 8-inch Android frame,إكوينوكس,شيفروليه
57,ready,complete,yes,,نطاق السنوات يتداخل مع الصف 90 (2016-2021). | حقول غير منطبقة (N/A): Fog_Light_Bulb. | بيانات الإضاءة تعتمد على الفئة/Trim ويجب فصلها عن كود اللمبة.,Chevrolet,Equinox,2018,2026,LED/OEM varies by trim,LED/OEM varies by trim,N/A,24,17,8-inch / 10-inch OEM-compatible frame,إكوينوكس,شيفروليه
58,ready,complete,no,,,Ford,Escape,2015,2016,9005,9005,9006,28,28,8-inch / 9-inch Android frame,إسكيب,فورد
59,ready,complete,no,,حقول غير منطبقة (N/A): Fog_Light_Bulb. | بيانات الإضاءة تعتمد على الفئة/Trim ويجب فصلها عن كود اللمبة.,Ford,Escape,2017,2019,LED/OEM varies by trim,LED/OEM varies by trim,N/A,28,28,8-inch / 10-inch OEM-compatible frame,إسكيب,فورد
60,ready,complete,no,,حقول غير منطبقة (N/A): Fog_Light_Bulb. | بيانات الإضاءة تعتمد على الفئة/Trim ويجب فصلها عن كود اللمبة.,Ford,Escape,2020,2026,LED/OEM varies by trim,LED/OEM varies by trim,N/A,28,28,8-inch / 13.2-inch OEM-compatible frame,إسكيب,فورد
61,ready,complete,yes,,نطاق السنوات يتداخل مع الصف 65 (2012-2018).,Ford,Focus,2015,2018,H11,H1,H11,28,14,8-inch / 9-inch Android frame,فوكس,فورد
62,ready,complete,no,,حقول غير منطبقة (N/A): Fog_Light_Bulb. | بيانات الإضاءة تعتمد على الفئة/Trim ويجب فصلها عن كود اللمبة.,Ford,Explorer,2015,2019,LED/OEM varies by trim,LED/OEM varies by trim,N/A,26,16,8-inch / 10-inch Android frame,إكسبلورر,فورد
63,ready,complete,yes,,نطاق السنوات يتداخل مع الصف 88 (2020-2023). | نطاق السنوات يتداخل مع الصف 107 (2020-2023). | حقول غير منطبقة (N/A): Fog_Light_Bulb. | بيانات الإضاءة تعتمد على الفئة/Trim ويجب فصلها عن كود اللمبة.,Ford,Explorer,2020,2026,LED/OEM varies by trim,LED/OEM varies by trim,N/A,26,16,10.1-inch / 13.2-inch OEM-compatible frame,إكسبلورر,فورد
64,ready,complete,no,,يوجد كود لمبة بصيغة Alias ويحتاج توحيداً منظماً لاحقاً.,Ford,Flex,2013,2019,H11,9005 (HB3),H11,24,20,8-inch (Double DIN compatible),فليكس,فورد
65,ready,complete,yes,,نطاق السنوات يتداخل مع الصف 61 (2015-2018). | يوجد كود لمبة بصيغة Alias ويحتاج توحيداً منظماً لاحقاً.,Ford,Focus,2012,2018,H11,9005 (HB3),H11,24,16,8-inch (Double DIN),فوكس,فورد
66,ready,complete,no,,يوجد كود لمبة بصيغة Alias ويحتاج توحيداً منظماً لاحقاً.,Ford,Fusion,2013,2020,H11,9005 (HB3),H11,24,20,8-inch (Double DIN),فيوجن,فورد
67,ready,complete,no,,حقول غير منطبقة (N/A): Fog_Light_Bulb. | يوجد كود لمبة بصيغة Alias ويحتاج توحيداً منظماً لاحقاً.,Ford,Mustang,2015,2023,H11,9005 (HB3),N/A,24,19,8-inch (Double DIN/Sync),موستانج,فورد
68,ready,complete,no,,يوجد كود لمبة بصيغة Alias ويحتاج توحيداً منظماً لاحقاً.,Ford,Ranger,2015,2022,H11,9005 (HB3),H11,24,22,8-inch (Double DIN),رينجر,فورد
69,ready,complete,yes,,نطاق السنوات يتداخل مع الصف 2 (2015-2018). | نطاق السنوات يتداخل مع الصف 3 (2019-2026). | يوجد كود لمبة بصيغة Alias ويحتاج توحيداً منظماً لاحقاً.,Toyota,Corolla,2014,2019,H11,9005 (HB3),H11,24,16,7-inch (Single/Double DIN options),كورولا,تويوتا
70,ready,complete,yes,,نطاق السنوات يتداخل مع الصف 4 (2015-2017). | نطاق السنوات يتداخل مع الصف 5 (2018-2026). | يوجد كود لمبة بصيغة Alias ويحتاج توحيداً منظماً لاحقاً.,Toyota,Camry,2015,2021,H11,9005 (HB3),H11,26,16,7-8 inch (Double DIN),كامري,تويوتا
71,ready,complete,yes,,نطاق السنوات يتداخل مع الصف 6 (2015-2018). | نطاق السنوات يتداخل مع الصف 7 (2019-2026). | يوجد كود لمبة بصيغة Alias ويحتاج توحيداً منظماً لاحقاً.,Toyota,RAV4,2016,2022,H11,9005 (HB3),H11,26,16,7-8 inch (Double DIN),راف 4,تويوتا
72,ready,complete,no,,يوجد كود لمبة بصيغة Alias ويحتاج توحيداً منظماً لاحقاً.,Toyota,Hilux,2015,2021,H11,9005 (HB3),H11,22,20,7-inch (Single/Double DIN),هايلوكس,تويوتا
73,conflict,conflicting,no,نفس السيارة ونفس نطاق السنوات موجود ببيانات مختلفة في الصفوف: 40.,يوجد كود لمبة بصيغة Alias ويحتاج توحيداً منظماً لاحقاً.,Honda,Civic,2016,2021,H11,9005 (HB3),H11,26,16,7-inch (Double DIN),سيفيك,هوندا
74,ready,complete,yes,,نطاق السنوات يتداخل مع الصف 42 (2015-2017). | نطاق السنوات يتداخل مع الصف 43 (2018-2026). | يوجد كود لمبة بصيغة Alias ويحتاج توحيداً منظماً لاحقاً.,Honda,Accord,2015,2022,H11,9005 (HB3),H11,26,20,8-inch (Double DIN),أكورد,هوندا
75,ready,complete,yes,,نطاق السنوات يتداخل مع الصف 44 (2015-2016). | نطاق السنوات يتداخل مع الصف 45 (2017-2022). | يوجد كود لمبة بصيغة Alias ويحتاج توحيداً منظماً لاحقاً.,Honda,CR-V,2015,2022,H11,9005 (HB3),H11,26,16,7-8 inch (Double DIN),سي آر-في,هوندا
76,ready,complete,yes,,نطاق السنوات يتداخل مع الصف 32 (2015-2019). | يوجد كود لمبة بصيغة Alias ويحتاج توحيداً منظماً لاحقاً.,Nissan,Sentra,2013,2019,H11,9005 (HB3),H11,24,16,7-inch (Single DIN/Double DIN options),سنترا,نيسان
77,ready,complete,yes,,نطاق السنوات يتداخل مع الصف 34 (2015-2018). | يوجد كود لمبة بصيغة Alias ويحتاج توحيداً منظماً لاحقاً.,Nissan,Altima,2013,2018,H11,9005 (HB3),H11,26,16,7-8 inch (Double DIN),ألتيما,نيسان
78,ready,complete,no,,يوجد كود لمبة بصيغة Alias ويحتاج توحيداً منظماً لاحقاً.,Nissan,Rogue,2014,2020,H11,9005 (HB3),H11,26,16,7-8 inch (Double DIN),روغ,نيسان
79,ready,complete,yes,,نطاق السنوات يتداخل مع الصف 24 (2015-2016). | نطاق السنوات يتداخل مع الصف 25 (2017-2022). | يوجد كود لمبة بصيغة Alias ويحتاج توحيداً منظماً لاحقاً.,Kia,Sportage,2016,2021,H11,9005 (HB3),H11,24,18,7-inch (Double DIN),سبورتاج,كيا
80,ready,complete,yes,,نطاق السنوات يتداخل مع الصف 29 (2015-2017). | نطاق السنوات يتداخل مع الصف 30 (2018-2023). | يوجد كود لمبة بصيغة Alias ويحتاج توحيداً منظماً لاحقاً.,Kia,Rio,2015,2019,H11,9005 (HB3),H11,22,18,7-inch (Single/Double DIN),ريو,كيا
81,ready,complete,no,,يوجد كود لمبة بصيغة Alias ويحتاج توحيداً منظماً لاحقاً.,Kia,Optima (K5),2016,2020,H11,9005 (HB3),H11,26,16,8-inch (Double DIN),أوبتيما (K5),كيا
82,ready,complete,yes,,نطاق السنوات يتداخل مع الصف 13 (2015-2016). | نطاق السنوات يتداخل مع الصف 14 (2017-2020). | يوجد كود لمبة بصيغة Alias ويحتاج توحيداً منظماً لاحقاً.,Hyundai,Elantra,2015,2020,H11,9005 (HB3),H11,24,16,7-inch (Double DIN),إلنترا,هيونداي
83,ready,complete,yes,,نطاق السنوات يتداخل مع الصف 20 (2015-2017). | نطاق السنوات يتداخل مع الصف 21 (2018-2026). | يوجد كود لمبة بصيغة Alias ويحتاج توحيداً منظماً لاحقاً.,Hyundai,Sonata,2015,2019,H11,9005 (HB3),H11,26,20,8-inch (Double DIN),سوناتا,هيونداي
84,ready,complete,yes,,نطاق السنوات يتداخل مع الصف 18 (2015-2018). | نطاق السنوات يتداخل مع الصف 19 (2019-2026). | يوجد كود لمبة بصيغة Alias ويحتاج توحيداً منظماً لاحقاً.,Hyundai,Tucson,2015,2020,H11,9005 (HB3),H11,26,16,7-8 inch (Double DIN),توسان,هيونداي
85,ready,complete,no,,يوجد كود لمبة بصيغة Alias ويحتاج توحيداً منظماً لاحقاً.,Mazda,3,2014,2018,H11,9005 (HB3),H11,24,18,7-inch (Single/Double DIN),مازدا 3,مازدا
86,ready,complete,no,,يوجد كود لمبة بصيغة Alias ويحتاج توحيداً منظماً لاحقاً.,Mazda,6,2014,2018,H11,9005 (HB3),H11,26,18,7-8 inch (Double DIN),مازدا 6,مازدا
87,ready,complete,yes,,نطاق السنوات يتداخل مع الصف 49 (2015-2016). | نطاق السنوات يتداخل مع الصف 50 (2017-2026). | يوجد كود لمبة بصيغة Alias ويحتاج توحيداً منظماً لاحقاً.,Mazda,CX-5,2013,2018,H11,9005 (HB3),H11,26,18,7-8 inch (Double DIN),سي إكس-5,مازدا
88,conflict,conflicting,yes,نفس السيارة ونفس نطاق السنوات موجود ببيانات مختلفة في الصفوف: 107.,نطاق السنوات يتداخل مع الصف 63 (2020-2026).,Ford,Explorer,2020,2023,LED/OEM (N/A serviceable),LED/OEM (N/A),LED/OEM (N/A),26,20,8-10 inch (OEM/Double DIN),إكسبلورر,فورد
89,ready,complete,yes,,نطاق السنوات يتداخل مع الصف 54 (2015-2016). | نطاق السنوات يتداخل مع الصف 55 (2016-2026). | يوجد كود لمبة بصيغة Alias ويحتاج توحيداً منظماً لاحقاً.,Chevrolet,Malibu,2016,2021,H11,9005 (HB3),H11,24,20,7-8 inch (Double DIN),ماليبو,شيفروليه
90,ready,complete,yes,,نطاق السنوات يتداخل مع الصف 56 (2015-2017). | نطاق السنوات يتداخل مع الصف 57 (2018-2026). | يوجد كود لمبة بصيغة Alias ويحتاج توحيداً منظماً لاحقاً.,Chevrolet,Equinox,2016,2021,H11,9005 (HB3),H11,26,22,8-inch (Double DIN),إكوينوكس,شيفروليه
91,ready,complete,no,,,Chevrolet,Spark,2016,2020,H4,H4,H11,20,16,7-inch (Single DIN),سبارك,شيفروليه
92,ready,complete,no,,يوجد كود لمبة بصيغة Alias ويحتاج توحيداً منظماً لاحقاً.,Chevrolet,Silverado,2014,2019,9005 (HB3),9005 (HB3),H11,22,22,8-inch (Aftermarket Double DIN),سيلفرادو,شيفروليه
93,ready,complete,no,,حقول غير منطبقة (N/A): Fog_Light_Bulb.,BMW,3 Series,2012,2019,H7,H7,N/A,24,20,6.5-8.8 inch (OEM sizes vary),الفئة الثالثة,بي إم دبليو
94,ready,complete,no,,حقول غير منطبقة (N/A): Fog_Light_Bulb. | اسم الشركة قد يحتاج توحيداً مع Mercedes-Benz.,Mercedes,C-Class,2014,2020,H7,H7,N/A,24,20,7-inch (OEM multimedia),سي كلاس,مرسيدس
95,ready,complete,no,,حقول غير منطبقة (N/A): Fog_Light_Bulb.,Volkswagen,Golf,2015,2019,H7,H7,N/A,24,16,6.5-8 inch (Aftermarket Double DIN),غولف,فولكس فاجن
96,ready,complete,no,,حقول غير منطبقة (N/A): Fog_Light_Bulb.,Volkswagen,Passat,2015,2019,H7,H7,N/A,26,16,8-inch (Double DIN),باسات,فولكس فاجن
97,ready,complete,no,,,Renault,Clio,2015,2019,H7,H7,H11,24,16,7-inch (Single/Double DIN),كليو,رينو
98,ready,complete,no,,,Renault,Megane,2016,2020,H7,H7,H11,26,20,7-8 inch (Double DIN),ميغان,رينو
99,ready,complete,no,,حقول غير منطبقة (N/A): Fog_Light_Bulb.,Suzuki,Swift,2015,2019,H4,H4,N/A,20,16,7-inch (Single DIN),سويفت,سوزوكي
100,ready,complete,no,,يوجد كود لمبة بصيغة Alias ويحتاج توحيداً منظماً لاحقاً.,Subaru,Impreza,2015,2021,H11,9005 (HB3),H11,26,16,7-inch (Double DIN),إمبريزا,سوبارو
101,ready,complete,no,,يوجد كود لمبة بصيغة Alias ويحتاج توحيداً منظماً لاحقاً.,Subaru,Forester,2014,2018,H11,9005 (HB3),H11,26,20,7-8 inch (Double DIN),فورستر,سوبارو
102,ready,complete,no,,يوجد كود لمبة بصيغة Alias ويحتاج توحيداً منظماً لاحقاً.,Dodge,Charger,2015,2020,H11,9005 (HB3),H11,26,20,8-inch (Double DIN),تشارجر,دودج
103,ready,complete,no,,يوجد كود لمبة بصيغة Alias ويحتاج توحيداً منظماً لاحقاً.,Jeep,Grand Cherokee,2014,2020,H11,9005 (HB3),H11,26,20,8-inch (Double DIN),جراند شيروكي,جيب
104,ready,complete,no,,يوجد كود لمبة بصيغة Alias ويحتاج توحيداً منظماً لاحقاً.,Honda,Odyssey,2015,2017,H11,9005 (HB3),H11,26,20,8-inch (Double DIN),أوديسي,هوندا
105,conflict,conflicting,no,نفس السيارة ونفس نطاق السنوات موجود ببيانات مختلفة في الصفوف: 106.,حقول غير منطبقة (N/A): Fog_Light_Bulb. | يوجد كود لمبة بصيغة Alias ويحتاج توحيداً منظماً لاحقاً.,Toyota,Prius,2016,2021,H11,9005 (HB3),N/A,24,16,7-inch (Double DIN),بريوس,تويوتا
106,conflict,conflicting,no,نفس السيارة ونفس نطاق السنوات موجود ببيانات مختلفة في الصفوف: 105.,حقول غير منطبقة (N/A): Fog_Light_Bulb. | يوجد كود لمبة بصيغة Alias ويحتاج توحيداً منظماً لاحقاً.,Toyota,Prius,2016,2021,H11,9005 (HB3),N/A,26,16,7-inch (Double DIN),بريوس,تويوتا
107,conflict,conflicting,yes,نفس السيارة ونفس نطاق السنوات موجود ببيانات مختلفة في الصفوف: 88.,نطاق السنوات يتداخل مع الصف 63 (2020-2026).,Ford,Explorer,2020,2023,LED/OEM (N/A serviceable),LED/OEM (N/A),LED/OEM (N/A),26,22,8-10 inch (OEM/Double DIN),إكسبلورر,فورد
108,ready,complete,no,,,BYD,Atto3 (Yuan Plus),2023,2026,LED/OEM,LED/OEM,LED/OEM,24,17,12.8-inch OEM,أتو 3 (يوان بلس),بي واي دي
109,ready,complete,no,,,BYD,Seal,2023,2026,LED/OEM,LED/OEM,LED/OEM,24,19,15.6-inch OEM,سيل,بي واي دي
110,ready,complete,no,,,Tesla,Model 3,2020,2026,LED/OEM,LED/OEM,LED/OEM,26,19,15-inch OEM,موديل 3,تسلا
111,ready,complete,no,,,Tesla,Model Y,2020,2026,LED/OEM,LED/OEM,LED/OEM,26,20,15-inch OEM,موديل Y,تسلا
112,ready,complete,no,,,Kia,EV6,2021,2026,LED/OEM,LED/OEM,LED/OEM,26,16,12.3-inch OEM,EV6,كيا
113,ready,complete,no,,,Hyundai,Ioniq 6,2023,2026,LED/OEM,LED/OEM,LED/OEM,26,18,12.3-inch OEM,أيونيك 6,هيونداي
114,conflict,conflicting,no,نفس السيارة ونفس نطاق السنوات موجود ببيانات مختلفة في الصفوف: 168.,حقول غير منطبقة (N/A): Fog_Light_Bulb.,Nissan,Leaf,2020,2026,LED/OEM,LED/OEM,N/A,26,16,8.0-inch OEM,ليف,نيسان
115,ready,complete,no,,,Toyota,bZ4X,2023,2026,LED/OEM,LED/OEM,LED/OEM,24,20,12.3-inch OEM,بي زد 4 إكس,تويوتا
116,conflict,conflicting,no,"نفس السيارة ونفس نطاق السنوات موجود ببيانات مختلفة في الصفوف: 129, 142. | حقول غير معروفة: Wiper_Driver_Inch, Wiper_Passenger_Inch.",,BYD,Dolphin,2023,2026,LED/OEM,LED/OEM,LED/OEM,لا توجد معلومات,لا توجد معلومات,12.3-inch OEM / 10.1-inch rotating screen حسب الفئة,دولفين,بي واي دي
117,conflict,conflicting,no,"نفس السيارة ونفس نطاق السنوات موجود ببيانات مختلفة في الصفوف: 130, 143. | حقول غير معروفة: Wiper_Driver_Inch, Wiper_Passenger_Inch.",,BYD,Seagull,2024,2026,LED/OEM,LED/OEM,Halogen rear fog lamp,لا توجد معلومات,لا توجد معلومات,10.1-inch OEM rotating screen,سيجال,بي واي دي
118,duplicate_exact,duplicate,no,نسخة مطابقة للصف 109.,,BYD,Seal,2023,2026,LED/OEM,LED/OEM,LED/OEM,24,19,15.6-inch OEM,سيل,بي واي دي
119,needs_review,unknown_years,no,"سنة البداية غير صالحة أو غير معروفة. | سنة النهاية غير صالحة أو غير معروفة. | حقول غير معروفة: Low_Beam_Bulb, High_Beam_Bulb, Fog_Light_Bulb, Wiper_Driver_Inch, Wiper_Passenger_Inch, Screen_Frame_Type_Size.",,BYD,Destroyer,لا توجد معلومات,لا توجد معلومات,لا توجد معلومات,لا توجد معلومات,لا توجد معلومات,لا توجد معلومات,لا توجد معلومات,لا توجد معلومات,ديستروير,بي واي دي
120,needs_review,unknown_years,no,"سنة البداية غير صالحة أو غير معروفة. | سنة النهاية غير صالحة أو غير معروفة. | حقول غير معروفة: Low_Beam_Bulb, High_Beam_Bulb, Fog_Light_Bulb, Wiper_Driver_Inch, Wiper_Passenger_Inch, Screen_Frame_Type_Size.",,BYD,Tang,لا توجد معلومات,لا توجد معلومات,لا توجد معلومات,لا توجد معلومات,لا توجد معلومات,لا توجد معلومات,لا توجد معلومات,لا توجد معلومات,تانغ,بي واي دي
121,needs_review,unknown_years,no,"سنة البداية غير صالحة أو غير معروفة. | سنة النهاية غير صالحة أو غير معروفة. | حقول غير معروفة: Low_Beam_Bulb, High_Beam_Bulb, Fog_Light_Bulb, Wiper_Driver_Inch, Wiper_Passenger_Inch, Screen_Frame_Type_Size.",,BYD,E2,لا توجد معلومات,لا توجد معلومات,لا توجد معلومات,لا توجد معلومات,لا توجد معلومات,لا توجد معلومات,لا توجد معلومات,لا توجد معلومات,E2,بي واي دي
122,needs_review,unknown_years,no,"سنة البداية غير صالحة أو غير معروفة. | سنة النهاية غير صالحة أو غير معروفة. | حقول غير معروفة: Low_Beam_Bulb, High_Beam_Bulb, Fog_Light_Bulb, Wiper_Driver_Inch, Wiper_Passenger_Inch, Screen_Frame_Type_Size.",,BYD,E3,لا توجد معلومات,لا توجد معلومات,لا توجد معلومات,لا توجد معلومات,لا توجد معلومات,لا توجد معلومات,لا توجد معلومات,لا توجد معلومات,E3,بي واي دي
123,needs_review,partial,no,"حقول غير معروفة: Wiper_Driver_Inch, Wiper_Passenger_Inch.",,BYD,Song Plus,2024,2024,LED/OEM,LED/OEM,Rear fog lights,لا توجد معلومات,لا توجد معلومات,15.6-inch OEM rotating screen,سونغ بلس,بي واي دي
124,needs_review,unknown_years,no,"سنة البداية غير صالحة أو غير معروفة. | سنة النهاية غير صالحة أو غير معروفة. | حقول غير معروفة: Low_Beam_Bulb, High_Beam_Bulb, Fog_Light_Bulb, Wiper_Driver_Inch, Wiper_Passenger_Inch, Screen_Frame_Type_Size.",,BYD,Song L,لا توجد معلومات,لا توجد معلومات,لا توجد معلومات,لا توجد معلومات,لا توجد معلومات,لا توجد معلومات,لا توجد معلومات,لا توجد معلومات,سونغ L,بي واي دي
125,needs_review,unknown_years,no,"سنة البداية غير صالحة أو غير معروفة. | سنة النهاية غير صالحة أو غير معروفة. | حقول غير معروفة: Low_Beam_Bulb, High_Beam_Bulb, Fog_Light_Bulb, Wiper_Driver_Inch, Wiper_Passenger_Inch, Screen_Frame_Type_Size.",,BYD,Qin Plus,لا توجد معلومات,لا توجد معلومات,لا توجد معلومات,لا توجد معلومات,لا توجد معلومات,لا توجد معلومات,لا توجد معلومات,لا توجد معلومات,تشين بلس,بي واي دي
126,needs_review,unknown_years,no,"سنة البداية غير صالحة أو غير معروفة. | سنة النهاية غير صالحة أو غير معروفة. | حقول غير معروفة: Low_Beam_Bulb, High_Beam_Bulb, Fog_Light_Bulb, Wiper_Driver_Inch, Wiper_Passenger_Inch, Screen_Frame_Type_Size.",,BYD,Qin L,لا توجد معلومات,لا توجد معلومات,لا توجد معلومات,لا توجد معلومات,لا توجد معلومات,لا توجد معلومات,لا توجد معلومات,لا توجد معلومات,تشين L,بي واي دي
127,conflict,conflicting,no,"نفس السيارة ونفس نطاق السنوات موجود ببيانات مختلفة في الصفوف: 140, 153. | حقول غير معروفة: Wiper_Driver_Inch, Wiper_Passenger_Inch.",,BYD,Han,2020,2026,LED/OEM,LED/OEM,LED/OEM,لا توجد معلومات,لا توجد معلومات,15.6-inch OEM rotating screen,هان,بي واي دي
128,duplicate_exact,duplicate,no,نسخة مطابقة للصف 108.,,BYD,Atto3 (Yuan Plus),2023,2026,LED/OEM,LED/OEM,LED/OEM,24,17,12.8-inch OEM,أتو 3 (يوان بلس),بي واي دي
129,conflict,conflicting,no,"نفس السيارة ونفس نطاق السنوات موجود ببيانات مختلفة في الصفوف: 116, 142. | حقول غير معروفة: Wiper_Driver_Inch, Wiper_Passenger_Inch.",,BYD,Dolphin,2023,2026,LED/OEM,LED/OEM,LED/OEM,لا توجد معلومات,لا توجد معلومات,12.8-inch OEM / 12.3-inch OEM حسب السوق,دولفين,بي واي دي
130,conflict,conflicting,no,"نفس السيارة ونفس نطاق السنوات موجود ببيانات مختلفة في الصفوف: 117, 143. | حقول غير معروفة: Wiper_Driver_Inch, Wiper_Passenger_Inch.",,BYD,Seagull,2024,2026,LED/OEM,LED/OEM,Rear fog lamp (halogen),لا توجد معلومات,لا توجد معلومات,10.1-inch OEM rotating screen,سيجال,بي واي دي
131,duplicate_exact,duplicate,no,نسخة مطابقة للصف 109.,,BYD,Seal,2023,2026,LED/OEM,LED/OEM,LED/OEM,24,19,15.6-inch OEM,سيل,بي واي دي
132,duplicate_exact,duplicate,no,نسخة مطابقة للصف 119.,,BYD,Destroyer,لا توجد معلومات,لا توجد معلومات,لا توجد معلومات,لا توجد معلومات,لا توجد معلومات,لا توجد معلومات,لا توجد معلومات,لا توجد معلومات,ديستروير,بي واي دي
133,needs_review,partial,no,"حقول غير معروفة: Wiper_Driver_Inch, Wiper_Passenger_Inch.",,BYD,Tang,2021,2026,LED/OEM,LED/OEM,Rear fog lights,لا توجد معلومات,لا توجد معلومات,15.6-inch OEM rotating screen / 12.3-inch cluster,تانغ,بي واي دي
134,duplicate_exact,duplicate,no,نسخة مطابقة للصف 121.,,BYD,E2,لا توجد معلومات,لا توجد معلومات,لا توجد معلومات,لا توجد معلومات,لا توجد معلومات,لا توجد معلومات,لا توجد معلومات,لا توجد معلومات,E2,بي واي دي
135,duplicate_exact,duplicate,no,نسخة مطابقة للصف 122.,,BYD,E3,لا توجد معلومات,لا توجد معلومات,لا توجد معلومات,لا توجد معلومات,لا توجد معلومات,لا توجد معلومات,لا توجد معلومات,لا توجد معلومات,E3,بي واي دي
136,duplicate_exact,duplicate,no,نسخة مطابقة للصف 123.,,BYD,Song Plus,2024,2024,LED/OEM,LED/OEM,Rear fog lights,لا توجد معلومات,لا توجد معلومات,15.6-inch OEM rotating screen,سونغ بلس,بي واي دي
137,duplicate_exact,duplicate,no,نسخة مطابقة للصف 124.,,BYD,Song L,لا توجد معلومات,لا توجد معلومات,لا توجد معلومات,لا توجد معلومات,لا توجد معلومات,لا توجد معلومات,لا توجد معلومات,لا توجد معلومات,سونغ L,بي واي دي
138,duplicate_exact,duplicate,no,نسخة مطابقة للصف 125.,,BYD,Qin Plus,لا توجد معلومات,لا توجد معلومات,لا توجد معلومات,لا توجد معلومات,لا توجد معلومات,لا توجد معلومات,لا توجد معلومات,لا توجد معلومات,تشين بلس,بي واي دي
139,duplicate_exact,duplicate,no,نسخة مطابقة للصف 126.,,BYD,Qin L,لا توجد معلومات,لا توجد معلومات,لا توجد معلومات,لا توجد معلومات,لا توجد معلومات,لا توجد معلومات,لا توجد معلومات,لا توجد معلومات,تشين L,بي واي دي
140,conflict,conflicting,no,"نفس السيارة ونفس نطاق السنوات موجود ببيانات مختلفة في الصفوف: 127, 153. | حقول غير معروفة: Wiper_Driver_Inch, Wiper_Passenger_Inch.",,BYD,Han,2020,2026,LED/OEM,LED/OEM,Rear fog lights,لا توجد معلومات,لا توجد معلومات,15.6-inch OEM rotating screen,هان,بي واي دي
141,duplicate_exact,duplicate,no,نسخة مطابقة للصف 108.,,BYD,Atto3 (Yuan Plus),2023,2026,LED/OEM,LED/OEM,LED/OEM,24,17,12.8-inch OEM,أتو 3 (يوان بلس),بي واي دي
142,duplicate_exact,duplicate,no,نسخة مطابقة للصف 129.,,BYD,Dolphin,2023,2026,LED/OEM,LED/OEM,LED/OEM,لا توجد معلومات,لا توجد معلومات,12.8-inch OEM / 12.3-inch OEM حسب السوق,دولفين,بي واي دي
143,duplicate_exact,duplicate,no,نسخة مطابقة للصف 130.,,BYD,Seagull,2024,2026,LED/OEM,LED/OEM,Rear fog lamp (halogen),لا توجد معلومات,لا توجد معلومات,10.1-inch OEM rotating screen,سيجال,بي واي دي
144,duplicate_exact,duplicate,no,نسخة مطابقة للصف 109.,,BYD,Seal,2023,2026,LED/OEM,LED/OEM,LED/OEM,24,19,15.6-inch OEM,سيل,بي واي دي
145,duplicate_exact,duplicate,no,نسخة مطابقة للصف 119.,,BYD,Destroyer,لا توجد معلومات,لا توجد معلومات,لا توجد معلومات,لا توجد معلومات,لا توجد معلومات,لا توجد معلومات,لا توجد معلومات,لا توجد معلومات,ديستروير,بي واي دي
146,duplicate_exact,duplicate,no,نسخة مطابقة للصف 133.,,BYD,Tang,2021,2026,LED/OEM,LED/OEM,Rear fog lights,لا توجد معلومات,لا توجد معلومات,15.6-inch OEM rotating screen / 12.3-inch cluster,تانغ,بي واي دي
147,duplicate_exact,duplicate,no,نسخة مطابقة للصف 121.,,BYD,E2,لا توجد معلومات,لا توجد معلومات,لا توجد معلومات,لا توجد معلومات,لا توجد معلومات,لا توجد معلومات,لا توجد معلومات,لا توجد معلومات,E2,بي واي دي
148,duplicate_exact,duplicate,no,نسخة مطابقة للصف 122.,,BYD,E3,لا توجد معلومات,لا توجد معلومات,لا توجد معلومات,لا توجد معلومات,لا توجد معلومات,لا توجد معلومات,لا توجد معلومات,لا توجد معلومات,E3,بي واي دي
149,duplicate_exact,duplicate,no,نسخة مطابقة للصف 123.,,BYD,Song Plus,2024,2024,LED/OEM,LED/OEM,Rear fog lights,لا توجد معلومات,لا توجد معلومات,15.6-inch OEM rotating screen,سونغ بلس,بي واي دي
150,duplicate_exact,duplicate,no,نسخة مطابقة للصف 124.,,BYD,Song L,لا توجد معلومات,لا توجد معلومات,لا توجد معلومات,لا توجد معلومات,لا توجد معلومات,لا توجد معلومات,لا توجد معلومات,لا توجد معلومات,سونغ L,بي واي دي
151,needs_review,partial,no,"حقول غير معروفة: Wiper_Driver_Inch, Wiper_Passenger_Inch.",,BYD,Qin Plus,2023,2026,LED headlights,LED headlights,Rear fog lights,لا توجد معلومات,لا توجد معلومات,10.1-inch OEM rotating screen,تشين بلس,بي واي دي
152,duplicate_exact,duplicate,no,نسخة مطابقة للصف 126.,,BYD,Qin L,لا توجد معلومات,لا توجد معلومات,لا توجد معلومات,لا توجد معلومات,لا توجد معلومات,لا توجد معلومات,لا توجد معلومات,لا توجد معلومات,تشين L,بي واي دي
153,duplicate_exact,duplicate,no,نسخة مطابقة للصف 140.,,BYD,Han,2020,2026,LED/OEM,LED/OEM,Rear fog lights,لا توجد معلومات,لا توجد معلومات,15.6-inch OEM rotating screen,هان,بي واي دي
154,duplicate_exact,duplicate,no,نسخة مطابقة للصف 108.,,BYD,Atto3 (Yuan Plus),2023,2026,LED/OEM,LED/OEM,LED/OEM,24,17,12.8-inch OEM,أتو 3 (يوان بلس),بي واي دي
155,needs_review,partial,no,"حقول غير معروفة: Wiper_Driver_Inch, Wiper_Passenger_Inch.",,Kia,EV5,2026,2026,LED/OEM,LED/OEM,LED/OEM,لا توجد معلومات,لا توجد معلومات,12.3-inch + 12.3-inch panoramic display / 29.6-inch integrated display حسب الفئة,EV5,كيا
156,duplicate_exact,duplicate,no,نسخة مطابقة للصف 112.,,Kia,EV6,2021,2026,LED/OEM,LED/OEM,LED/OEM,26,16,12.3-inch OEM,EV6,كيا
157,needs_review,partial,no,"حقول غير معروفة: Wiper_Driver_Inch, Wiper_Passenger_Inch.",,Kia,Niro EV,2020,2026,LED/OEM,LED/OEM,LED/OEM,لا توجد معلومات,لا توجد معلومات,10.25-inch OEM,نيرو EV,كيا
158,needs_review,partial,no,"حقول غير معروفة: Wiper_Driver_Inch, Wiper_Passenger_Inch.",,Volkswagen,ID.4,2021,2026,Automatic LED reflector headlights,Automatic LED reflector headlights,LED taillights only / fog N/A,لا توجد معلومات,لا توجد معلومات,12-inch / 12.9-inch OEM depending on trim,آي دي.4,فولكس فاجن
159,needs_review,partial,no,"حقول غير معروفة: Wiper_Driver_Inch, Wiper_Passenger_Inch.",حقول غير منطبقة (N/A): Fog_Light_Bulb.,BMW,iX,2022,2026,LED headlights,LED headlights,N/A,لا توجد معلومات,لا توجد معلومات,12.3-inch + 14.9-inch curved display,آي إكس,بي إم دبليو
160,needs_review,partial,no,"حقول غير معروفة: Wiper_Driver_Inch, Wiper_Passenger_Inch.",,Mercedes-Benz,EQE,2023,2026,LED/OEM,LED/OEM,LED/OEM,لا توجد معلومات,لا توجد معلومات,12.8-inch MBUX / OLED screen حسب الفئة,EQE,مرسيدس-بنز
161,needs_review,partial,no,"حقول غير معروفة: Wiper_Driver_Inch, Wiper_Passenger_Inch.",حقول غير منطبقة (N/A): Fog_Light_Bulb.,Smart,#1,2023,2026,Matrix LED headlights,Matrix LED headlights,N/A,لا توجد معلومات,لا توجد معلومات,12.8-inch OEM,#1,سمارت
162,needs_review,partial,no,"حقول غير معروفة: Wiper_Driver_Inch, Wiper_Passenger_Inch.",,Hyundai,Kona EV,2021,2026,LED/OEM,LED/OEM,LED/OEM,لا توجد معلومات,لا توجد معلومات,12.3-inch OEM,كونا EV,هيونداي
163,needs_review,partial,no,"حقول غير معروفة: Wiper_Driver_Inch, Wiper_Passenger_Inch.",حقول غير منطبقة (N/A): Fog_Light_Bulb.,Chevrolet,Bolt,2020,2026,LED/OEM,LED/OEM,N/A,لا توجد معلومات,لا توجد معلومات,10.2-inch OEM,بولت,شيفروليه
164,needs_review,partial,no,"حقول غير معروفة: Wiper_Driver_Inch, Wiper_Passenger_Inch.",حقول غير منطبقة (N/A): Fog_Light_Bulb.,Renault,Zoe,2020,2026,Bi-halogen/LED DRL,Bi-halogen/LED DRL,N/A,لا توجد معلومات,لا توجد معلومات,7-inch OEM,زوي,رينو
165,needs_review,partial,no,"حقول غير معروفة: Fog_Light_Bulb, Wiper_Driver_Inch, Wiper_Passenger_Inch, Screen_Frame_Type_Size.",,Toyota,bZ3,2023,2026,LED/OEM,LED/OEM,لا توجد معلومات,لا توجد معلومات,لا توجد معلومات,لا توجد معلومات,بي زد 3,تويوتا
166,needs_review,partial,no,"حقول غير معروفة: Wiper_Driver_Inch, Wiper_Passenger_Inch.",,Honda,e:NS1,2022,2026,LED,LED,LED,لا توجد معلومات,لا توجد معلومات,12.3-inch OEM,e:NS1,هوندا
167,needs_review,partial,no,"حقول غير معروفة: Wiper_Driver_Inch, Wiper_Passenger_Inch.",حقول غير منطبقة (N/A): Fog_Light_Bulb.,Geely,Geometry C,2020,2026,Automatic LED headlight illumination system,Automatic LED headlight illumination system,N/A,لا توجد معلومات,لا توجد معلومات,12.3-inch touchscreen,جيومتري C,جيلي
168,conflict,conflicting,no,"نفس السيارة ونفس نطاق السنوات موجود ببيانات مختلفة في الصفوف: 114. | حقول غير معروفة: Wiper_Driver_Inch, Wiper_Passenger_Inch.",حقول غير منطبقة (N/A): Fog_Light_Bulb.,Nissan,Leaf,2020,2026,LED headlights with LED signature DRL,LED headlights with LED signature DRL,N/A,لا توجد معلومات,لا توجد معلومات,12.3-inch / 14.3-inch infotainment حسب الفئة,ليف,نيسان
169,needs_review,partial,no,"حقول غير معروفة: Wiper_Driver_Inch, Wiper_Passenger_Inch.",حقول غير منطبقة (N/A): Fog_Light_Bulb.,Volkswagen,ID.3,2020,2026,IQ.LIGHT LED matrix headlights,IQ.LIGHT LED matrix headlights,N/A,لا توجد معلومات,لا توجد معلومات,12-inch OEM,آي دي.3,فولكس فاجن
170,needs_review,partial,no,"حقول غير معروفة: Wiper_Driver_Inch, Wiper_Passenger_Inch.",,Volkswagen,ID.6,2021,2026,LED/OEM,LED/OEM,LED/OEM,لا توجد معلومات,لا توجد معلومات,12-inch OEM,آي دي.6,فولكس فاجن
171,needs_review,partial,no,"حقول غير معروفة: Wiper_Driver_Inch, Wiper_Passenger_Inch.",,BMW,i4,2022,2026,LED headlights,LED headlights,LED rear lamps / fog N/A,لا توجد معلومات,لا توجد معلومات,12.3-inch + 14.9-inch curved display,آي4,بي إم دبليو
172,needs_review,partial,no,"حقول غير معروفة: Wiper_Driver_Inch, Wiper_Passenger_Inch.",حقول غير منطبقة (N/A): Fog_Light_Bulb.,BMW,iX3,2021,2026,LED headlights,LED headlights,N/A,لا توجد معلومات,لا توجد معلومات,12.3-inch OEM,آي إكس3,بي إم دبليو
173,duplicate_exact,duplicate,no,نسخة مطابقة للصف 159.,,BMW,iX,2022,2026,LED headlights,LED headlights,N/A,لا توجد معلومات,لا توجد معلومات,12.3-inch + 14.9-inch curved display,آي إكس,بي إم دبليو
174,needs_review,partial,no,"حقول غير معروفة: Wiper_Driver_Inch, Wiper_Passenger_Inch.",,Mercedes-Benz,EQS,2022,2026,LED/OEM,LED/OEM,LED/OEM,لا توجد معلومات,لا توجد معلومات,12.3-inch driver + 17.7-inch OLED central display,EQS,مرسيدس-بنز
175,needs_review,partial,no,"حقول غير معروفة: Wiper_Driver_Inch, Wiper_Passenger_Inch.",,Mercedes-Benz,EQB,2022,2026,LED/OEM,LED/OEM,LED/OEM,لا توجد معلومات,لا توجد معلومات,10.25-inch OEM,EQB,مرسيدس-بنز
176,needs_review,partial,no,"حقول غير معروفة: Wiper_Driver_Inch, Wiper_Passenger_Inch.",حقول غير منطبقة (N/A): Fog_Light_Bulb.,Smart,#3,2024,2026,Matrix LED headlights,Matrix LED headlights,N/A,لا توجد معلومات,لا توجد معلومات,12.8-inch OEM,#3,سمارت
